insert into user (id, email, roles, password) values (1, 'mbeacroft0@photobucket.com', 'Surveyor', 'I7ImZYzlnXv');
insert into user (id, email, roles, password) values (2, 'bmclanaghan1@cisco.com', 'Electrician', 'PMEpgLZ');
insert into user (id, email, roles, password) values (3, 'aprott2@microsoft.com', 'Project Manager', '282SOBLEeEhr');
insert into user (id, email, roles, password) values (4, 'ddobsons3@blogtalkradio.com', 'Electrician', 'WDdGOLT7dK');
insert into user (id, email, roles, password) values (5, 'eglasper4@thetimes.co.uk', 'Construction Foreman', 'PfHsv25dRWk');
insert into user (id, email, roles, password) values (6, 'edebruyne5@amazon.co.uk', 'Project Manager', '4WBF3TW5');
insert into user (id, email, roles, password) values (7, 'chadcock6@mapquest.com', 'Construction Worker', 'hcIsXBs8LqV');
insert into user (id, email, roles, password) values (8, 'nbaalham7@reverbnation.com', 'Surveyor', 'vlvekIkkE');
insert into user (id, email, roles, password) values (9, 'wburdon8@wordpress.org', 'Architect', 'hFBSrFNYD');
insert into user (id, email, roles, password) values (10, 'tplaid9@spiegel.de', 'Subcontractor', 's2otGeZ3Jkw');
insert into user (id, email, roles, password) values (11, 'dstandidgea@pagesperso-orange.fr', 'Construction Foreman', 'zAnwnz');
insert into user (id, email, roles, password) values (12, 'cflindallb@google.ru', 'Construction Foreman', 'Rng48h1ECR7x');
insert into user (id, email, roles, password) values (13, 'jmackneyc@quantcast.com', 'Subcontractor', 'kKAwoq9qO6vQ');
insert into user (id, email, roles, password) values (14, 'pcossamd@oracle.com', 'Surveyor', 'WYe5xkHXZ4');
insert into user (id, email, roles, password) values (15, 'efeakee@godaddy.com', 'Construction Foreman', 'UiNiTH1');
insert into user (id, email, roles, password) values (16, 'raventf@furl.net', 'Construction Foreman', '9RhT6iXUGHFh');
insert into user (id, email, roles, password) values (17, 'sheatong@weebly.com', 'Electrician', 'RwU8wa0iu');
insert into user (id, email, roles, password) values (18, 'khargateh@nyu.edu', 'Construction Worker', '7Fggr50xIx');
insert into user (id, email, roles, password) values (19, 'ymayoi@about.me', 'Construction Foreman', 'mvCovyQ');
insert into user (id, email, roles, password) values (20, 'cledesj@discovery.com', 'Construction Foreman', '04ud0B8Co');
insert into user (id, email, roles, password) values (21, 'mchrichtonk@ox.ac.uk', 'Supervisor', 'dyY0husmD8w');
insert into user (id, email, roles, password) values (22, 'rburkhilll@sourceforge.net', 'Construction Manager', 'HtmnSwf3bj');
insert into user (id, email, roles, password) values (23, 'hgeelanm@joomla.org', 'Project Manager', 'bydKKs8DmN7');
insert into user (id, email, roles, password) values (24, 'kmarcinkusn@github.io', 'Engineer', 'DcAH7E8IEF');
insert into user (id, email, roles, password) values (25, 'kocorrino@themeforest.net', 'Subcontractor', 'J9eh9Q');


insert into adresse (id, adr_pays, adr_ville, adr_postal, adr_adresse) values (1, 'Germany', 'Düsseldorf', '40215', '87693 Raven Place');
insert into adresse (id, adr_pays, adr_ville, adr_postal, adr_adresse) values (2, 'France', 'Goussainville', '95697 CEDEX', '1644 Hallows Lane');
insert into adresse (id, adr_pays, adr_ville, adr_postal, adr_adresse) values (3, 'France', 'Pau', '64029 CEDEX 9', '71 Anhalt Plaza');
insert into adresse (id, adr_pays, adr_ville, adr_postal, adr_adresse) values (4, 'France', 'Villefranche-sur-Mer', '06239 CEDEX', '133 Clarendon Hill');
insert into adresse (id, adr_pays, adr_ville, adr_postal, adr_adresse) values (5, 'France', 'Lyon', '69367 CEDEX 07', '4931 Waubesa Circle');
insert into adresse (id, adr_pays, adr_ville, adr_postal, adr_adresse) values (6, 'France', 'Blois', '41015 CEDEX', '9778 Wayridge Hill');
insert into adresse (id, adr_pays, adr_ville, adr_postal, adr_adresse) values (7, 'France', 'Choisy-le-Roi', '94604 CEDEX', '3198 Gerald Center');
insert into adresse (id, adr_pays, adr_ville, adr_postal, adr_adresse) values (8, 'Germany', 'München', '81373', '896 Rigney Alley');
insert into adresse (id, adr_pays, adr_ville, adr_postal, adr_adresse) values (9, 'France', 'Bobigny', '93017 CEDEX', '40 Hoffman Plaza');
insert into adresse (id, adr_pays, adr_ville, adr_postal, adr_adresse) values (10, 'France', 'Massy', '91309 CEDEX', '5 Lien Road');
insert into adresse (id, adr_pays, adr_ville, adr_postal, adr_adresse) values (11, 'France', 'Castres', '81109 CEDEX', '0351 Kinsman Court');
insert into adresse (id, adr_pays, adr_ville, adr_postal, adr_adresse) values (12, 'France', 'Marseille', '13281 CEDEX 06', '59938 Menomonie Park');
insert into adresse (id, adr_pays, adr_ville, adr_postal, adr_adresse) values (13, 'France', 'Tarbes', '65022 CEDEX 9', '30576 Hollow Ridge Circle');
insert into adresse (id, adr_pays, adr_ville, adr_postal, adr_adresse) values (14, 'France', 'Marseille', '13393 CEDEX 13', '4 Brentwood Plaza');
insert into adresse (id, adr_pays, adr_ville, adr_postal, adr_adresse) values (15, 'France', 'Aurillac', '15004 CEDEX', '55905 Elmside Plaza');
insert into adresse (id, adr_pays, adr_ville, adr_postal, adr_adresse) values (16, 'France', 'Vitry-sur-Seine', '94409 CEDEX', '1 Oak Valley Junction');
insert into adresse (id, adr_pays, adr_ville, adr_postal, adr_adresse) values (17, 'France', 'Mont-de-Marsan', '40025 CEDEX', '87 Crowley Avenue');
insert into adresse (id, adr_pays, adr_ville, adr_postal, adr_adresse) values (18, 'France', 'Tourcoing', '59208 CEDEX', '184 Fallview Hill');
insert into adresse (id, adr_pays, adr_ville, adr_postal, adr_adresse) values (19, 'France', 'Chantilly', '60637 CEDEX', '70909 Schurz Lane');
insert into adresse (id, adr_pays, adr_ville, adr_postal, adr_adresse) values (20, 'France', 'Gardanne', '13548 CEDEX', '6987 Derek Hill');
insert into adresse (id, adr_pays, adr_ville, adr_postal, adr_adresse) values (21, 'France', 'Saint-Louis', '68309 CEDEX', '4050 Mayer Parkway');
insert into adresse (id, adr_pays, adr_ville, adr_postal, adr_adresse) values (22, 'France', 'Paris 13', '75623 CEDEX 13', '3890 Onsgard Plaza');
insert into adresse (id, adr_pays, adr_ville, adr_postal, adr_adresse) values (23, 'France', 'Aix-en-Provence', '13617 CEDEX 1', '2960 Luster Road');
insert into adresse (id, adr_pays, adr_ville, adr_postal, adr_adresse) values (24, 'France', 'Bourges', '18013 CEDEX', '0 Aberg Plaza');
insert into adresse (id, adr_pays, adr_ville, adr_postal, adr_adresse) values (25, 'France', 'Castelsarrasin', '82104 CEDEX', '58002 Garrison Terrace');
insert into adresse (id, adr_pays, adr_ville, adr_postal, adr_adresse) values (26, 'France', 'Laval', '53085 CEDEX 9', '9 Coleman Road');
insert into adresse (id, adr_pays, adr_ville, adr_postal, adr_adresse) values (27, 'France', 'Créteil', '94952 CEDEX 9', '3 Mcbride Trail');
insert into adresse (id, adr_pays, adr_ville, adr_postal, adr_adresse) values (28, 'France', 'Saint-Ouen', '93487 CEDEX', '1 Kim Terrace');
insert into adresse (id, adr_pays, adr_ville, adr_postal, adr_adresse) values (29, 'France', 'Besançon', '25024 CEDEX', '5 Coleman Street');
insert into adresse (id, adr_pays, adr_ville, adr_postal, adr_adresse) values (30, 'France', 'Évry', '91914 CEDEX 9', '45060 Bonner Pass');
insert into adresse (id, adr_pays, adr_ville, adr_postal, adr_adresse) values (31, 'Germany', 'Lübeck', '23568', '09 Sunfield Park');
insert into adresse (id, adr_pays, adr_ville, adr_postal, adr_adresse) values (32, 'France', 'Créteil', '94049 CEDEX', '17 Myrtle Way');
insert into adresse (id, adr_pays, adr_ville, adr_postal, adr_adresse) values (33, 'France', 'Ploemeur', '56274 CEDEX', '1167 Sunnyside Terrace');
insert into adresse (id, adr_pays, adr_ville, adr_postal, adr_adresse) values (34, 'France', 'Paris 14', '75699 CEDEX 14', '61848 Saint Paul Point');
insert into adresse (id, adr_pays, adr_ville, adr_postal, adr_adresse) values (35, 'France', 'Tours', '37044 CEDEX 9', '61 Eagle Crest Trail');
insert into adresse (id, adr_pays, adr_ville, adr_postal, adr_adresse) values (36, 'France', 'Périgny', '17184 CEDEX', '3401 Eggendart Point');
insert into adresse (id, adr_pays, adr_ville, adr_postal, adr_adresse) values (37, 'France', 'Aix-en-Provence', '13617 CEDEX 1', '167 Tony Pass');
insert into adresse (id, adr_pays, adr_ville, adr_postal, adr_adresse) values (38, 'France', 'Alençon', '61042 CEDEX', '938 Oriole Circle');
insert into adresse (id, adr_pays, adr_ville, adr_postal, adr_adresse) values (39, 'France', 'Roissy Charles-de-Gaulle', '95943 CEDEX 2', '80188 Holmberg Court');
insert into adresse (id, adr_pays, adr_ville, adr_postal, adr_adresse) values (40, 'France', 'Toulouse', '31931 CEDEX 9', '400 Lunder Way');
insert into adresse (id, adr_pays, adr_ville, adr_postal, adr_adresse) values (41, 'France', 'Perpignan', '66945 CEDEX', '0958 Kingsford Pass');
insert into adresse (id, adr_pays, adr_ville, adr_postal, adr_adresse) values (42, 'France', 'Vincennes', '94685 CEDEX', '7 Briar Crest Park');
insert into adresse (id, adr_pays, adr_ville, adr_postal, adr_adresse) values (43, 'Germany', 'Remscheid', '42897', '855 Pankratz Pass');
insert into adresse (id, adr_pays, adr_ville, adr_postal, adr_adresse) values (44, 'France', 'Corbeil-Essonnes', '91815 CEDEX', '59190 Prairieview Lane');
insert into adresse (id, adr_pays, adr_ville, adr_postal, adr_adresse) values (45, 'France', 'Paris 12', '75582 CEDEX 12', '220 Crescent Oaks Road');
insert into adresse (id, adr_pays, adr_ville, adr_postal, adr_adresse) values (46, 'France', 'Noisy-le-Grand', '93462 CEDEX', '1 Warbler Hill');
insert into adresse (id, adr_pays, adr_ville, adr_postal, adr_adresse) values (47, 'France', 'Castelnaudary', '11493 CEDEX', '53275 Ohio Drive');
insert into adresse (id, adr_pays, adr_ville, adr_postal, adr_adresse) values (48, 'France', 'Blois', '41904 CEDEX 9', '4 Vernon Drive');
insert into adresse (id, adr_pays, adr_ville, adr_postal, adr_adresse) values (49, 'France', 'Bastia', '20292 CEDEX', '9 Lukken Court');
insert into adresse (id, adr_pays, adr_ville, adr_postal, adr_adresse) values (50, 'France', 'Quetigny', '21806 CEDEX', '9 Rusk Junction');
insert into adresse (id, adr_pays, adr_ville, adr_postal, adr_adresse) values (51, 'France', 'Nice', '06173 CEDEX 2', '08187 Orin Junction');
insert into adresse (id, adr_pays, adr_ville, adr_postal, adr_adresse) values (52, 'France', 'Paris 10', '75485 CEDEX 10', '4330 Luster Terrace');
insert into adresse (id, adr_pays, adr_ville, adr_postal, adr_adresse) values (53, 'France', 'Alençon', '61042 CEDEX', '13 Londonderry Hill');
insert into adresse (id, adr_pays, adr_ville, adr_postal, adr_adresse) values (54, 'France', 'Chambéry', '73091 CEDEX', '9815 Talmadge Pass');
insert into adresse (id, adr_pays, adr_ville, adr_postal, adr_adresse) values (55, 'France', 'Saint-Brieuc', '22025 CEDEX 1', '0 Pierstorff Street');
insert into adresse (id, adr_pays, adr_ville, adr_postal, adr_adresse) values (56, 'France', 'Avignon', '84033 CEDEX 3', '63 Harper Avenue');
insert into adresse (id, adr_pays, adr_ville, adr_postal, adr_adresse) values (57, 'Germany', 'Berlin', '13599', '2 Continental Avenue');
insert into adresse (id, adr_pays, adr_ville, adr_postal, adr_adresse) values (58, 'France', 'Cluses', '74311 CEDEX', '90 Paget Street');
insert into adresse (id, adr_pays, adr_ville, adr_postal, adr_adresse) values (59, 'France', 'Besançon', '25086 CEDEX 9', '70 Becker Plaza');
insert into adresse (id, adr_pays, adr_ville, adr_postal, adr_adresse) values (60, 'Belgium', 'Mons', '7032', '5522 Hanson Drive');

insert into categorie (id, cat_nom) values (1, 'Guitare et basse');
insert into categorie (id, cat_nom) values (2, 'Percussion et batterie');
insert into categorie (id, cat_nom) values (3, 'Piano et clavier');
insert into categorie (id, cat_nom) values (4, 'Instruments a vent');
insert into categorie (id, cat_nom) values (5, 'Instruments classiques');

insert into employe (id, emp_nom, emp_prenom, emp_tel) values (1, 'Aingell', 'Fawne', '907-144-3533');
insert into employe (id, emp_nom, emp_prenom, emp_tel) values (2, 'Rorke', 'Tina', '483-652-9530');
insert into employe (id, emp_nom, emp_prenom, emp_tel) values (3, 'Camoys', 'Silas', '336-669-5870');
insert into employe (id, emp_nom, emp_prenom, emp_tel) values (4, 'Boodle', 'Silvain', '127-734-6282');
insert into employe (id, emp_nom, emp_prenom, emp_tel) values (5, 'Hurn', 'Sharia', '771-463-4138');

insert into entreprise (id, ent_nom, ent_pays, ent_ville, ent_adresse, ent_postal, ent_siret) values (1, 'Bank of the Ozarks', 'Vietnam', 'Uyen Hung', '78199 Autumn Leaf Avenue', null, '270-47-5923');
insert into entreprise (id, ent_nom, ent_pays, ent_ville, ent_adresse, ent_postal, ent_siret) values (2, 'Williams-Sonoma, Inc.', 'Indonesia', 'Puncakmanis', '1120 Sloan Trail', null, '820-18-4616');
insert into entreprise (id, ent_nom, ent_pays, ent_ville, ent_adresse, ent_postal, ent_siret) values (3, 'Bank of N.T. Butterfield & Son Limited (The)', 'Brazil', 'Buíque', '24 Bay Plaza', '56520-000', '680-59-5771');
insert into entreprise (id, ent_nom, ent_pays, ent_ville, ent_adresse, ent_postal, ent_siret) values (4, 'PFSweb, Inc.', 'Russia', 'Biryulëvo', '5922 Weeping Birch Street', '142717', '646-74-2800');
insert into entreprise (id, ent_nom, ent_pays, ent_ville, ent_adresse, ent_postal, ent_siret) values (5, 'Guaranty Federal Bancshares, Inc.', 'Russia', 'Udachny', '199 Fulton Terrace', '678188', '382-52-0950');
insert into entreprise (id, ent_nom, ent_pays, ent_ville, ent_adresse, ent_postal, ent_siret) values (6, 'Clean Diesel Technologies, Inc.', 'Philippines', 'Kaligutan', '964 Service Street', '3320', '612-35-9177');
insert into entreprise (id, ent_nom, ent_pays, ent_ville, ent_adresse, ent_postal, ent_siret) values (7, 'Ramaco Resources, Inc.', 'China', 'Taocun', '788 Dovetail Place', null, '129-87-4291');
insert into entreprise (id, ent_nom, ent_pays, ent_ville, ent_adresse, ent_postal, ent_siret) values (8, 'Genworth Financial Inc', 'China', 'Haicheng', '80 Kim Alley', null, '490-70-5406');
insert into entreprise (id, ent_nom, ent_pays, ent_ville, ent_adresse, ent_postal, ent_siret) values (9, 'Thermo Fisher Scientific Inc', 'Mexico', 'La Loma', '138 Banding Hill', '92148', '574-03-3665');
insert into entreprise (id, ent_nom, ent_pays, ent_ville, ent_adresse, ent_postal, ent_siret) values (10, 'Energy Focus, Inc.', 'Russia', 'Troitskoye', '1 Dunning Drive', '363704', '548-31-9624');

insert into fournisseur (id, fou_nom, fou_adresse, fou_postal, fou_ville, fou_pays, fou_tel, fou_fax, fou_date) values (1, 'iShares MSCI ACWI ex US Index Fund', '02 Lyons Terrace', null, 'Janūb as Surrah', 'Kuwait', '842-557-3457', '501-532-8932', '2021-07-15 09:57:17');
insert into fournisseur (id, fou_nom, fou_adresse, fou_postal, fou_ville, fou_pays, fou_tel, fou_fax, fou_date) values (2, 'Blackrock MuniYield Quality Fund II, Inc.', '4 Karstens Plaza', null, 'Zhen’an', 'China', '192-682-9845', '983-657-4281', '2021-07-15 09:57:17');
insert into fournisseur (id, fou_nom, fou_adresse, fou_postal, fou_ville, fou_pays, fou_tel, fou_fax, fou_date) values (3, 'Ethan Allen Interiors Inc.', '316 Bobwhite Center', null, 'Kosmach', 'Ukraine', '944-877-2209', '990-741-5271', '2021-07-15 09:57:17');
insert into fournisseur (id, fou_nom, fou_adresse, fou_postal, fou_ville, fou_pays, fou_tel, fou_fax, fou_date) values (4, 'Molson Coors Brewing  Company', '0 Havey Place', 'V9B', 'Killarney', 'Canada', '974-518-1023', '461-950-9775', '2021-07-15 09:57:17');
insert into fournisseur (id, fou_nom, fou_adresse, fou_postal, fou_ville, fou_pays, fou_tel, fou_fax, fou_date) values (5, 'Latin American Discovery Fund, Inc. (The)', '3 Petterle Drive', null, 'Lebedinovka', 'Kyrgyzstan', '263-440-1948', '911-599-2516', '2021-07-15 09:57:17');
insert into fournisseur (id, fou_nom, fou_adresse, fou_postal, fou_ville, fou_pays, fou_tel, fou_fax, fou_date) values (6, 'Capital One Financial Corporation', '7792 Beilfuss Junction', '97680', 'Tsingoni', 'Mayotte', '376-107-3269', '320-995-4879', '2021-07-15 09:57:17');
insert into fournisseur (id, fou_nom, fou_adresse, fou_postal, fou_ville, fou_pays, fou_tel, fou_fax, fou_date) values (7, 'Urstadt Biddle Properties Inc.', '891 Birchwood Center', null, 'Ganggawang', 'Indonesia', '414-101-5790', '496-781-6365', '2021-07-15 09:57:17');
insert into fournisseur (id, fou_nom, fou_adresse, fou_postal, fou_ville, fou_pays, fou_tel, fou_fax, fou_date) values (8, 'Telecom Italia S.P.A.', '89 Steensland Way', null, 'Mamasa', 'Indonesia', '455-705-9748', '162-606-0710', '2021-07-15 09:57:17');
insert into fournisseur (id, fou_nom, fou_adresse, fou_postal, fou_ville, fou_pays, fou_tel, fou_fax, fou_date) values (9, 'Amaya Inc.', '60 Melrose Park', 'S3N', 'Berthierville', 'Canada', '397-617-6842', '105-202-0864', '2021-07-15 09:57:17');
insert into fournisseur (id, fou_nom, fou_adresse, fou_postal, fou_ville, fou_pays, fou_tel, fou_fax, fou_date) values (10, 'Intuit Inc.', '45 Delladonna Lane', '8400-603', 'Parchal', 'Portugal', '977-273-3251', '414-174-3577', '2021-07-15 09:57:17');

insert into sous_categorie (id, categorie_id, sou_nom) values (1, 2, 'Rubber');
insert into sous_categorie (id, categorie_id, sou_nom) values (2, 2, 'Steel');
insert into sous_categorie (id, categorie_id, sou_nom) values (3, 2, 'Granite');
insert into sous_categorie (id, categorie_id, sou_nom) values (4, 1, 'Vinyl');
insert into sous_categorie (id, categorie_id, sou_nom) values (5, 2, 'Granite');
insert into sous_categorie (id, categorie_id, sou_nom) values (6, 2, 'Plastic');
insert into sous_categorie (id, categorie_id, sou_nom) values (7, 1, 'Granite');
insert into sous_categorie (id, categorie_id, sou_nom) values (8, 2, 'Vinyl');
insert into sous_categorie (id, categorie_id, sou_nom) values (9, 2, 'Plastic');
insert into sous_categorie (id, categorie_id, sou_nom) values (10, 2, 'Steel');

insert into contact_fournisseur (id, fournisseur_id, con_nom, con_prenom, con_mail, con_tel, con_ville, con_postal, con_pays, con_fax, con_date) values (1, 4, 'Guyonneau', 'Abigail', 'aguyonneau0@alibaba.com', '1501877308', 'München', '81679', 'Germany', '9003255561', '2021-07-15 09:57:17');
insert into contact_fournisseur (id, fournisseur_id, con_nom, con_prenom, con_mail, con_tel, con_ville, con_postal, con_pays, con_fax, con_date) values (2, 5, 'Dammarell', 'Billie', 'bdammarell1@walmart.com', '2738071973', 'Marly-le-Roi', '78165 CEDEX', 'France', '2468122486', '2021-07-15 09:57:17');
insert into contact_fournisseur (id, fournisseur_id, con_nom, con_prenom, con_mail, con_tel, con_ville, con_postal, con_pays, con_fax, con_date) values (3, 3, 'Derrington', 'Vikki', 'vderrington2@arizona.edu', '2191332261', 'Paris La Défense', '92929 CEDEX', 'France', '3642005799', '2021-07-15 09:57:17');
insert into contact_fournisseur (id, fournisseur_id, con_nom, con_prenom, con_mail, con_tel, con_ville, con_postal, con_pays, con_fax, con_date) values (4, 8, 'Rudeforth', 'Anita', 'arudeforth3@flickr.com', '1128301797', 'Boulogne-Billancourt', '92660 CEDEX', 'France', '9246724457', '2021-07-15 09:57:17');
insert into contact_fournisseur (id, fournisseur_id, con_nom, con_prenom, con_mail, con_tel, con_ville, con_postal, con_pays, con_fax, con_date) values (5, 1, 'Tunuy', 'Emmy', 'etunuy4@yandex.ru', '6523818414', 'Bourg-lès-Valence', '26504 CEDEX', 'France', '6535164345', '2021-07-15 09:57:17');
insert into contact_fournisseur (id, fournisseur_id, con_nom, con_prenom, con_mail, con_tel, con_ville, con_postal, con_pays, con_fax, con_date) values (6, 4, 'Exton', 'Pattie', 'pexton5@hhs.gov', '9693853381', 'Toulon', '83087 CEDEX 9', 'France', '3201296161', '2021-07-15 09:57:17');
insert into contact_fournisseur (id, fournisseur_id, con_nom, con_prenom, con_mail, con_tel, con_ville, con_postal, con_pays, con_fax, con_date) values (7, 1, 'Dowding', 'Mareah', 'mdowding6@facebook.com', '9382295726', 'Suresnes', '92154 CEDEX', 'France', '2873000058', '2021-07-15 09:57:17');
insert into contact_fournisseur (id, fournisseur_id, con_nom, con_prenom, con_mail, con_tel, con_ville, con_postal, con_pays, con_fax, con_date) values (8, 3, 'McIlvenna', 'Patrica', 'pmcilvenna7@1und1.de', '7853556594', 'Le Cannet', '06116 CEDEX', 'France', '6151890339', '2021-07-15 09:57:17');
insert into contact_fournisseur (id, fournisseur_id, con_nom, con_prenom, con_mail, con_tel, con_ville, con_postal, con_pays, con_fax, con_date) values (9, 9, 'Ovenell', 'Vivie', 'vovenell8@apache.org', '7292604886', 'Salon-de-Provence', '13662 CEDEX', 'France', '7185623500', '2021-07-15 09:57:17');
insert into contact_fournisseur (id, fournisseur_id, con_nom, con_prenom, con_mail, con_tel, con_ville, con_postal, con_pays, con_fax, con_date) values (10, 1, 'Duns', 'Aleta', 'aduns9@google.nl', '1652848628', 'Hyères', '83404 CEDEX', 'France', '1295348109', '2021-07-15 09:57:17');
insert into contact_fournisseur (id, fournisseur_id, con_nom, con_prenom, con_mail, con_tel, con_ville, con_postal, con_pays, con_fax, con_date) values (11, 4, 'Clubb', 'Cassandry', 'cclubba@miitbeian.gov.cn', '4225787360', 'Montpellier', '34032 CEDEX 1', 'France', '6687790999', '2021-07-15 09:57:17');
insert into contact_fournisseur (id, fournisseur_id, con_nom, con_prenom, con_mail, con_tel, con_ville, con_postal, con_pays, con_fax, con_date) values (12, 5, 'McQuaker', 'Deana', 'dmcquakerb@uiuc.edu', '9255779947', 'Perpignan', '66013 CEDEX 9', 'France', '3402062806', '2021-07-15 09:57:17');
insert into contact_fournisseur (id, fournisseur_id, con_nom, con_prenom, con_mail, con_tel, con_ville, con_postal, con_pays, con_fax, con_date) values (13, 1, 'Maggiore', 'Marsha', 'mmaggiorec@tuttocitta.it', '6758333079', 'Strasbourg', '67073 CEDEX', 'France', '5263832481', '2021-07-15 09:57:17');
insert into contact_fournisseur (id, fournisseur_id, con_nom, con_prenom, con_mail, con_tel, con_ville, con_postal, con_pays, con_fax, con_date) values (14, 1, 'Plumstead', 'Alyce', 'aplumsteadd@ezinearticles.com', '5009938401', 'Montceau-les-Mines', '71309 CEDEX', 'France', '6184190632', '2021-07-15 09:57:17');
insert into contact_fournisseur (id, fournisseur_id, con_nom, con_prenom, con_mail, con_tel, con_ville, con_postal, con_pays, con_fax, con_date) values (15, 7, 'Newson', 'Jo ann', 'jnewsone@mashable.com', '1026781916', 'Lons-le-Saunier', '39004 CEDEX', 'France', '4598145508', '2021-07-15 09:57:17');

insert into produit (id, sous_categorie_id, pro_produit, pro_description, pro_accroche, pro_stock_ac, pro_stock_al, pro_prix_a, pro_prix_v, pro_stock_c) values (1, 9, 'Steel', 'Replacement of Left Parietal Bone with Autologous Tissue Substitute, Percutaneous Approach', 'Replacement of L Parietal Bone with Autol Sub, Perc Approach', 824, 826, '3041.16', '9128.50', 22);
insert into produit (id, sous_categorie_id, pro_produit, pro_description, pro_accroche, pro_stock_ac, pro_stock_al, pro_prix_a, pro_prix_v, pro_stock_c) values (2, 9, 'Stone', 'Revision of Synthetic Substitute in Right Tympanic Membrane, Open Approach', 'Revision of Synth Sub in R Tympanic Membrane, Open Approach', 342, 108, '5084.22', '6182.72', 825);
insert into produit (id, sous_categorie_id, pro_produit, pro_description, pro_accroche, pro_stock_ac, pro_stock_al, pro_prix_a, pro_prix_v, pro_stock_c) values (3, 9, 'Vinyl', 'Beam Radiation of Salivary Glands using Neutrons', 'Beam Radiation of Salivary Glands using Neutrons', 507, 624, '8477.44', '587.51', 923);
insert into produit (id, sous_categorie_id, pro_produit, pro_description, pro_accroche, pro_stock_ac, pro_stock_al, pro_prix_a, pro_prix_v, pro_stock_c) values (4, 7, 'Plastic', 'Insertion of Internal Fixation Device into Right Metatarsal-Tarsal Joint, Open Approach', 'Insertion of Int Fix into R Metatarsotars Jt, Open Approach', 271, 911, '2753.83', '3481.17', 209);
insert into produit (id, sous_categorie_id, pro_produit, pro_description, pro_accroche, pro_stock_ac, pro_stock_al, pro_prix_a, pro_prix_v, pro_stock_c) values (5, 10, 'Stone', 'Reposition Left Zygomatic Bone with Internal Fixation Device, Percutaneous Approach', 'Reposition Left Zygomatic Bone with Int Fix, Perc Approach', 640, 948, '1784.73', '6756.94', 204);
insert into produit (id, sous_categorie_id, pro_produit, pro_description, pro_accroche, pro_stock_ac, pro_stock_al, pro_prix_a, pro_prix_v, pro_stock_c) values (6, 7, 'Plexiglass', 'Removal of Autologous Tissue Substitute from Right Hip Joint, Percutaneous Approach', 'Removal of Autol Sub from R Hip Jt, Perc Approach', 283, 793, '867.31', '1374.65', 123);
insert into produit (id, sous_categorie_id, pro_produit, pro_description, pro_accroche, pro_stock_ac, pro_stock_al, pro_prix_a, pro_prix_v, pro_stock_c) values (7, 4, 'Stone', 'Revision of Synthetic Substitute in Left Sacroiliac Joint, Percutaneous Approach', 'Revision of Synth Sub in L Sacroiliac Jt, Perc Approach', 188, 207, '9366.91', '9275.62', 372);
insert into produit (id, sous_categorie_id, pro_produit, pro_description, pro_accroche, pro_stock_ac, pro_stock_al, pro_prix_a, pro_prix_v, pro_stock_c) values (8, 4, 'Plastic', 'High Dose Rate (HDR) Brachytherapy of Abdomen Lymphatics using Iridium 192 (Ir-192)', 'HDR Brachytherapy of Abd Lymph using Iridium 192', 842, 721, '4677.87', '4735.25', 498);
insert into produit (id, sous_categorie_id, pro_produit, pro_description, pro_accroche, pro_stock_ac, pro_stock_al, pro_prix_a, pro_prix_v, pro_stock_c) values (9, 4, 'Wood', 'Transfer Perineum Muscle with Skin, Percutaneous Endoscopic Approach', 'Transfer Perineum Muscle with Skin, Perc Endo Approach', 667, 887, '9223.55', '3627.62', 29);
insert into produit (id, sous_categorie_id, pro_produit, pro_description, pro_accroche, pro_stock_ac, pro_stock_al, pro_prix_a, pro_prix_v, pro_stock_c) values (10, 2, 'Brass', 'Drainage of Pancreas with Drainage Device, Open Approach', 'Drainage of Pancreas with Drainage Device, Open Approach', 637, 717, '2923.39', '8897.30', 985);
insert into produit (id, sous_categorie_id, pro_produit, pro_description, pro_accroche, pro_stock_ac, pro_stock_al, pro_prix_a, pro_prix_v, pro_stock_c) values (11, 5, 'Brass', 'Bypass Right Brachial Vein to Upper Vein with Synthetic Substitute, Open Approach', 'Bypass R Brach Vein to Up Vein with Synth Sub, Open Approach', 584, 854, '3268.33', '1721.53', 897);
insert into produit (id, sous_categorie_id, pro_produit, pro_description, pro_accroche, pro_stock_ac, pro_stock_al, pro_prix_a, pro_prix_v, pro_stock_c) values (12, 4, 'Stone', 'Restriction of Transverse Colon, Via Natural or Artificial Opening', 'Restriction of Transverse Colon, Via Opening', 208, 308, '9028.19', '4509.87', 785);
insert into produit (id, sous_categorie_id, pro_produit, pro_description, pro_accroche, pro_stock_ac, pro_stock_al, pro_prix_a, pro_prix_v, pro_stock_c) values (13, 4, 'Aluminum', 'Drainage of Left Tunica Vaginalis, Percutaneous Endoscopic Approach', 'Drainage of Left Tunica Vaginalis, Perc Endo Approach', 776, 807, '2957.48', '1534.81', 606);
insert into produit (id, sous_categorie_id, pro_produit, pro_description, pro_accroche, pro_stock_ac, pro_stock_al, pro_prix_a, pro_prix_v, pro_stock_c) values (14, 3, 'Rubber', 'Supplement Right Kidney Pelvis with Synthetic Substitute, Via Natural or Artificial Opening', 'Supplement Right Kidney Pelvis with Synth Sub, Via Opening', 631, 844, '28.27', '7210.96', 141);
insert into produit (id, sous_categorie_id, pro_produit, pro_description, pro_accroche, pro_stock_ac, pro_stock_al, pro_prix_a, pro_prix_v, pro_stock_c) values (15, 9, 'Stone', 'Removal of Radioactive Element from Neck, Percutaneous Approach', 'Removal of Radioactive Element from Neck, Perc Approach', 501, 792, '2075.68', '8630.15', 753);
insert into produit (id, sous_categorie_id, pro_produit, pro_description, pro_accroche, pro_stock_ac, pro_stock_al, pro_prix_a, pro_prix_v, pro_stock_c) values (16, 10, 'Aluminum', 'Removal of Synthetic Substitute from Left Lower Femur, Percutaneous Approach', 'Removal of Synth Sub from L Low Femur, Perc Approach', 250, 941, '1021.26', '8285.11', 110);
insert into produit (id, sous_categorie_id, pro_produit, pro_description, pro_accroche, pro_stock_ac, pro_stock_al, pro_prix_a, pro_prix_v, pro_stock_c) values (17, 7, 'Wood', 'Drainage of Left Epididymis with Drainage Device, Percutaneous Endoscopic Approach', 'Drainage of L Epididymis with Drain Dev, Perc Endo Approach', 834, 515, '6036.24', '6021.96', 213);
insert into produit (id, sous_categorie_id, pro_produit, pro_description, pro_accroche, pro_stock_ac, pro_stock_al, pro_prix_a, pro_prix_v, pro_stock_c) values (18, 9, 'Rubber', 'Removal of Synthetic Substitute from Left Pleural Cavity, Open Approach', 'Removal of Synth Sub from L Pleural Cav, Open Approach', 138, 245, '3183.99', '747.31', 447);
insert into produit (id, sous_categorie_id, pro_produit, pro_description, pro_accroche, pro_stock_ac, pro_stock_al, pro_prix_a, pro_prix_v, pro_stock_c) values (19, 1, 'Glass', 'Occlusion of Rectum, Via Natural or Artificial Opening Endoscopic', 'Occlusion of Rectum, Endo', 845, 731, '4110.83', '3364.75', 680);
insert into produit (id, sous_categorie_id, pro_produit, pro_description, pro_accroche, pro_stock_ac, pro_stock_al, pro_prix_a, pro_prix_v, pro_stock_c) values (20, 2, 'Wood', 'Revision of Infusion Device in Left Elbow Joint, External Approach', 'Revision of Infusion Device in L Elbow Jt, Extern Approach', 331, 243, '3213.56', '9220.10', 609);
insert into produit (id, sous_categorie_id, pro_produit, pro_description, pro_accroche, pro_stock_ac, pro_stock_al, pro_prix_a, pro_prix_v, pro_stock_c) values (21, 4, 'Plastic', 'Monitoring of Urinary Pressure, Via Natural or Artificial Opening', 'Monitoring of Urinary Pressure, Via Opening', 572, 420, '209.48', '8116.03', 899);
insert into produit (id, sous_categorie_id, pro_produit, pro_description, pro_accroche, pro_stock_ac, pro_stock_al, pro_prix_a, pro_prix_v, pro_stock_c) values (22, 6, 'Plastic', 'Release Urethra, Percutaneous Approach', 'Release Urethra, Percutaneous Approach', 13, 307, '485.40', '3534.39', 309);
insert into produit (id, sous_categorie_id, pro_produit, pro_description, pro_accroche, pro_stock_ac, pro_stock_al, pro_prix_a, pro_prix_v, pro_stock_c) values (23, 9, 'Wood', 'Supplement Left Hypogastric Vein with Autologous Tissue Substitute, Percutaneous Endoscopic Approach', 'Supplement L Hypogast Vein w Autol Sub, Perc Endo', 712, 230, '1888.17', '2570.12', 42);
insert into produit (id, sous_categorie_id, pro_produit, pro_description, pro_accroche, pro_stock_ac, pro_stock_al, pro_prix_a, pro_prix_v, pro_stock_c) values (24, 8, 'Stone', 'Fusion of Left Knee Joint with Autologous Tissue Substitute, Percutaneous Approach', 'Fusion of Left Knee Joint with Autol Sub, Perc Approach', 334, 863, '6211.98', '7377.50', 360);
insert into produit (id, sous_categorie_id, pro_produit, pro_description, pro_accroche, pro_stock_ac, pro_stock_al, pro_prix_a, pro_prix_v, pro_stock_c) values (25, 4, 'Rubber', 'Excision of Sacral Plexus, Open Approach', 'Excision of Sacral Plexus, Open Approach', 86, 423, '6583.38', '4934.08', 81);
insert into produit (id, sous_categorie_id, pro_produit, pro_description, pro_accroche, pro_stock_ac, pro_stock_al, pro_prix_a, pro_prix_v, pro_stock_c) values (26, 3, 'Wood', 'Extirpation of Matter from Subdural Space, Percutaneous Approach', 'Extirpation of Matter from Subdural Space, Perc Approach', 689, 357, '1774.16', '3082.89', 741);
insert into produit (id, sous_categorie_id, pro_produit, pro_description, pro_accroche, pro_stock_ac, pro_stock_al, pro_prix_a, pro_prix_v, pro_stock_c) values (27, 8, 'Wood', 'Supplement Right Tympanic Membrane with Autologous Tissue Substitute, Open Approach', 'Supplement R Tympanic Membrane with Autol Sub, Open Approach', 664, 14, '606.09', '7910.55', 772);
insert into produit (id, sous_categorie_id, pro_produit, pro_description, pro_accroche, pro_stock_ac, pro_stock_al, pro_prix_a, pro_prix_v, pro_stock_c) values (28, 9, 'Plexiglass', 'Bypass Inferior Vena Cava to Lower Vein with Autologous Arterial Tissue, Percutaneous Endoscopic Approach', 'Bypass Inf Vena Cava to Low Vein w Autol Art, Perc Endo', 860, 330, '9376.23', '8310.48', 767);
insert into produit (id, sous_categorie_id, pro_produit, pro_description, pro_accroche, pro_stock_ac, pro_stock_al, pro_prix_a, pro_prix_v, pro_stock_c) values (29, 8, 'Granite', 'Extirpation of Matter from Lower Lip, Percutaneous Approach', 'Extirpation of Matter from Lower Lip, Percutaneous Approach', 93, 30, '7623.77', '5484.62', 642);
insert into produit (id, sous_categorie_id, pro_produit, pro_description, pro_accroche, pro_stock_ac, pro_stock_al, pro_prix_a, pro_prix_v, pro_stock_c) values (30, 6, 'Plexiglass', 'Change Splint on Right Finger', 'Change Splint on Right Finger', 435, 400, '7414.68', '6811.63', 691);
insert into produit (id, sous_categorie_id, pro_produit, pro_description, pro_accroche, pro_stock_ac, pro_stock_al, pro_prix_a, pro_prix_v, pro_stock_c) values (31, 1, 'Steel', 'Drainage of Esophagogastric Junction with Drainage Device, Via Natural or Artificial Opening Endoscopic', 'Drainage of Esophagogastric Junction with Drain Dev, Endo', 345, 403, '2813.78', '4141.46', 574);
insert into produit (id, sous_categorie_id, pro_produit, pro_description, pro_accroche, pro_stock_ac, pro_stock_al, pro_prix_a, pro_prix_v, pro_stock_c) values (32, 9, 'Plexiglass', 'Insertion of Infusion Device into Left Lobe Liver, Percutaneous Endoscopic Approach', 'Insert of Infusion Dev into L Lobe Liver, Perc Endo Approach', 98, 770, '1811.23', '2572.41', 697);
insert into produit (id, sous_categorie_id, pro_produit, pro_description, pro_accroche, pro_stock_ac, pro_stock_al, pro_prix_a, pro_prix_v, pro_stock_c) values (33, 8, 'Granite', 'Drainage of Left Upper Eyelid with Drainage Device, Percutaneous Approach', 'Drainage of Left Upper Eyelid with Drain Dev, Perc Approach', 533, 576, '6485.44', '7828.39', 444);
insert into produit (id, sous_categorie_id, pro_produit, pro_description, pro_accroche, pro_stock_ac, pro_stock_al, pro_prix_a, pro_prix_v, pro_stock_c) values (34, 1, 'Wood', 'Excision of Right Axillary Artery, Percutaneous Approach', 'Excision of Right Axillary Artery, Percutaneous Approach', 475, 800, '9200.38', '7757.63', 411);
insert into produit (id, sous_categorie_id, pro_produit, pro_description, pro_accroche, pro_stock_ac, pro_stock_al, pro_prix_a, pro_prix_v, pro_stock_c) values (35, 2, 'Granite', 'Removal of Drainage Device from Mesentery, Percutaneous Approach', 'Removal of Drainage Device from Mesentery, Perc Approach', 909, 138, '9729.14', '6101.18', 111);
insert into produit (id, sous_categorie_id, pro_produit, pro_description, pro_accroche, pro_stock_ac, pro_stock_al, pro_prix_a, pro_prix_v, pro_stock_c) values (36, 3, 'Plastic', 'Irrigation of Skin and Mucous Membranes using Irrigating Substance, Percutaneous Approach, Diagnostic', 'Irrigate Skin/Mucous Mem w Irrigat, Perc, Diagn', 273, 405, '2347.75', '9819.92', 937);
insert into produit (id, sous_categorie_id, pro_produit, pro_description, pro_accroche, pro_stock_ac, pro_stock_al, pro_prix_a, pro_prix_v, pro_stock_c) values (37, 1, 'Brass', 'Supplement Right Hip Joint with Synthetic Substitute, Percutaneous Endoscopic Approach', 'Supplement R Hip Jt with Synth Sub, Perc Endo Approach', 759, 442, '5341.94', '7455.87', 163);
insert into produit (id, sous_categorie_id, pro_produit, pro_description, pro_accroche, pro_stock_ac, pro_stock_al, pro_prix_a, pro_prix_v, pro_stock_c) values (38, 6, 'Rubber', 'Revision of Spacer in Left Elbow Joint, Percutaneous Endoscopic Approach', 'Revision of Spacer in Left Elbow Joint, Perc Endo Approach', 963, 737, '2455.54', '7787.75', 670);
insert into produit (id, sous_categorie_id, pro_produit, pro_description, pro_accroche, pro_stock_ac, pro_stock_al, pro_prix_a, pro_prix_v, pro_stock_c) values (39, 5, 'Plastic', 'Bypass Left Vas Deferens to Left Epididymis with Autologous Tissue Substitute, Percutaneous Endoscopic Approach', 'Bypass L Vas Deferens to L Epidid w Autol Sub, Perc Endo', 129, 82, '517.21', '3088.69', 523);
insert into produit (id, sous_categorie_id, pro_produit, pro_description, pro_accroche, pro_stock_ac, pro_stock_al, pro_prix_a, pro_prix_v, pro_stock_c) values (40, 10, 'Wood', 'Bypass Right Axillary Artery to Upper Arm Vein with Synthetic Substitute, Open Approach', 'Bypass R Axilla Art to Up Arm Vein w Synth Sub, Open', 925, 644, '351.59', '8827.86', 708);
insert into produit (id, sous_categorie_id, pro_produit, pro_description, pro_accroche, pro_stock_ac, pro_stock_al, pro_prix_a, pro_prix_v, pro_stock_c) values (41, 10, 'Steel', 'Resection of Left Large Intestine, Via Natural or Artificial Opening', 'Resection of Left Large Intestine, Via Opening', 6, 18, '8237.74', '2578.47', 164);
insert into produit (id, sous_categorie_id, pro_produit, pro_description, pro_accroche, pro_stock_ac, pro_stock_al, pro_prix_a, pro_prix_v, pro_stock_c) values (42, 4, 'Plexiglass', 'Revision of External Fixation Device in Left Tarsal Joint, Percutaneous Endoscopic Approach', 'Revision of Ext Fix in L Tarsal Jt, Perc Endo Approach', 139, 131, '9527.13', '203.86', 423);
insert into produit (id, sous_categorie_id, pro_produit, pro_description, pro_accroche, pro_stock_ac, pro_stock_al, pro_prix_a, pro_prix_v, pro_stock_c) values (43, 6, 'Steel', 'Supplement Right Greater Saphenous Vein with Autologous Tissue Substitute, Percutaneous Endoscopic Approach', 'Supplement R Great Saphenous w Autol Sub, Perc Endo', 139, 269, '9314.86', '7636.38', 399);
insert into produit (id, sous_categorie_id, pro_produit, pro_description, pro_accroche, pro_stock_ac, pro_stock_al, pro_prix_a, pro_prix_v, pro_stock_c) values (44, 2, 'Rubber', 'Excision of Right Auditory Ossicle, Open Approach', 'Excision of Right Auditory Ossicle, Open Approach', 440, 223, '1925.95', '6123.53', 900);
insert into produit (id, sous_categorie_id, pro_produit, pro_description, pro_accroche, pro_stock_ac, pro_stock_al, pro_prix_a, pro_prix_v, pro_stock_c) values (45, 2, 'Brass', 'High Dose Rate (HDR) Brachytherapy of Mediastinum using Cesium 137 (Cs-137)', 'HDR Brachytherapy of Mediastinum using Cesium 137', 458, 249, '3385.12', '9176.11', 187);
insert into produit (id, sous_categorie_id, pro_produit, pro_description, pro_accroche, pro_stock_ac, pro_stock_al, pro_prix_a, pro_prix_v, pro_stock_c) values (46, 2, 'Steel', 'Drainage of Right Femoral Artery, Percutaneous Endoscopic Approach, Diagnostic', 'Drainage of Right Femoral Artery, Perc Endo Approach, Diagn', 870, 398, '2319.60', '9975.85', 920);
insert into produit (id, sous_categorie_id, pro_produit, pro_description, pro_accroche, pro_stock_ac, pro_stock_al, pro_prix_a, pro_prix_v, pro_stock_c) values (47, 1, 'Wood', 'Revision of Nonautologous Tissue Substitute in Left Tarsal, Percutaneous Approach', 'Revision of Nonaut Sub in L Tarsal, Perc Approach', 890, 300, '7459.80', '292.44', 204);
insert into produit (id, sous_categorie_id, pro_produit, pro_description, pro_accroche, pro_stock_ac, pro_stock_al, pro_prix_a, pro_prix_v, pro_stock_c) values (48, 2, 'Rubber', 'Occlusion of Left Popliteal Artery with Intraluminal Device, Percutaneous Approach', 'Occlusion of L Popl Art with Intralum Dev, Perc Approach', 469, 950, '1123.11', '1052.48', 192);
insert into produit (id, sous_categorie_id, pro_produit, pro_description, pro_accroche, pro_stock_ac, pro_stock_al, pro_prix_a, pro_prix_v, pro_stock_c) values (49, 4, 'Granite', 'Fusion of Thoracolumbar Vertebral Joint with Autologous Tissue Substitute, Posterior Approach, Anterior Column, Percutaneous Endoscopic Approach', 'Fusion T-lum Jt w Autol Sub, Post Appr A Col, Perc Endo', 625, 660, '4799.00', '1201.39', 357);
insert into produit (id, sous_categorie_id, pro_produit, pro_description, pro_accroche, pro_stock_ac, pro_stock_al, pro_prix_a, pro_prix_v, pro_stock_c) values (50, 6, 'Vinyl', 'Insertion of Stimulator Generator into Back Subcutaneous Tissue and Fascia, Open Approach', 'Insertion of Stim Gen into Back Subcu/Fascia, Open Approach', 535, 123, '9011.86', '1133.56', 353);

insert into produit_fournisseur (produit_id, fournisseur_id) values (35, 10);
insert into produit_fournisseur (produit_id, fournisseur_id) values (34, 2);
insert into produit_fournisseur (produit_id, fournisseur_id) values (23, 9);
insert into produit_fournisseur (produit_id, fournisseur_id) values (2, 1);
insert into produit_fournisseur (produit_id, fournisseur_id) values (17, 6);
insert into produit_fournisseur (produit_id, fournisseur_id) values (8, 6);
insert into produit_fournisseur (produit_id, fournisseur_id) values (6, 2);
insert into produit_fournisseur (produit_id, fournisseur_id) values (34, 1);
insert into produit_fournisseur (produit_id, fournisseur_id) values (28, 2);
insert into produit_fournisseur (produit_id, fournisseur_id) values (3, 5);
insert into produit_fournisseur (produit_id, fournisseur_id) values (4, 6);
insert into produit_fournisseur (produit_id, fournisseur_id) values (49, 6);
insert into produit_fournisseur (produit_id, fournisseur_id) values (42, 4);
insert into produit_fournisseur (produit_id, fournisseur_id) values (31, 7);
insert into produit_fournisseur (produit_id, fournisseur_id) values (7, 10);
insert into produit_fournisseur (produit_id, fournisseur_id) values (25, 9);
insert into produit_fournisseur (produit_id, fournisseur_id) values (11, 6);
insert into produit_fournisseur (produit_id, fournisseur_id) values (18, 8);
insert into produit_fournisseur (produit_id, fournisseur_id) values (38, 6);
insert into produit_fournisseur (produit_id, fournisseur_id) values (18, 5);
insert into produit_fournisseur (produit_id, fournisseur_id) values (9, 8);
insert into produit_fournisseur (produit_id, fournisseur_id) values (18, 2);
insert into produit_fournisseur (produit_id, fournisseur_id) values (3, 6);
insert into produit_fournisseur (produit_id, fournisseur_id) values (1, 5);
insert into produit_fournisseur (produit_id, fournisseur_id) values (35, 7);
insert into produit_fournisseur (produit_id, fournisseur_id) values (24, 7);
insert into produit_fournisseur (produit_id, fournisseur_id) values (34, 10);
insert into produit_fournisseur (produit_id, fournisseur_id) values (16, 3);
insert into produit_fournisseur (produit_id, fournisseur_id) values (26, 8);
insert into produit_fournisseur (produit_id, fournisseur_id) values (41, 6);
insert into produit_fournisseur (produit_id, fournisseur_id) values (4, 4);
insert into produit_fournisseur (produit_id, fournisseur_id) values (7, 6);
insert into produit_fournisseur (produit_id, fournisseur_id) values (45, 2);
insert into produit_fournisseur (produit_id, fournisseur_id) values (26, 7);
insert into produit_fournisseur (produit_id, fournisseur_id) values (35, 2);
insert into produit_fournisseur (produit_id, fournisseur_id) values (31, 6);
insert into produit_fournisseur (produit_id, fournisseur_id) values (22, 8);
insert into produit_fournisseur (produit_id, fournisseur_id) values (25, 2);
insert into produit_fournisseur (produit_id, fournisseur_id) values (17, 8);
insert into produit_fournisseur (produit_id, fournisseur_id) values (23, 5);
insert into produit_fournisseur (produit_id, fournisseur_id) values (34, 7);
insert into produit_fournisseur (produit_id, fournisseur_id) values (9, 10);
insert into produit_fournisseur (produit_id, fournisseur_id) values (20, 1);
insert into produit_fournisseur (produit_id, fournisseur_id) values (19, 4);
insert into produit_fournisseur (produit_id, fournisseur_id) values (28, 3);
insert into produit_fournisseur (produit_id, fournisseur_id) values (4, 3);
insert into produit_fournisseur (produit_id, fournisseur_id) values (5, 5);
insert into produit_fournisseur (produit_id, fournisseur_id) values (31, 2);
insert into produit_fournisseur (produit_id, fournisseur_id) values (31, 3);
insert into produit_fournisseur (produit_id, fournisseur_id) values (45, 6);

insert into client (id, entreprise_id, user_id, cli_nom, cli_prenom, cli_naissance, cli_tel, cli_fax, cli_sexe, cli_date) values (1, 5, 18, 'Dillet', 'Vic', '2021-07-15 09:57:17', '891-293-9430', '856-876-4534', '0', '2021-07-15 09:57:17');
insert into client (id, entreprise_id, user_id, cli_nom, cli_prenom, cli_naissance, cli_tel, cli_fax, cli_sexe, cli_date) values (2, 5, 25, 'Addyman', 'Holmes', '2021-07-15 09:57:17', '601-530-1505', '221-791-0801', '0', '2021-07-15 09:57:17');
insert into client (id, entreprise_id, user_id, cli_nom, cli_prenom, cli_naissance, cli_tel, cli_fax, cli_sexe, cli_date) values (3, 6, 3, 'Kitchenman', 'Krista', '2021-07-15 09:57:17', '938-951-7573', '570-320-4435', '0', '2021-07-15 09:57:17');
insert into client (id, entreprise_id, user_id, cli_nom, cli_prenom, cli_naissance, cli_tel, cli_fax, cli_sexe, cli_date) values (4, 9, 25, 'Bambury', 'Melodee', '2021-07-15 09:57:17', '739-979-3300', '152-631-5449', '1', '2021-07-15 09:57:17');
insert into client (id, entreprise_id, user_id, cli_nom, cli_prenom, cli_naissance, cli_tel, cli_fax, cli_sexe, cli_date) values (5, 7, 18, 'Leeb', 'Padget', '2021-07-15 09:57:17', '229-321-9687', '875-770-8143', '1', '2021-07-15 09:57:17');
insert into client (id, entreprise_id, user_id, cli_nom, cli_prenom, cli_naissance, cli_tel, cli_fax, cli_sexe, cli_date) values (6, 1, 17, 'Ferron', 'Heywood', '2021-07-15 09:57:17', '103-551-7317', '305-198-7553', '0', '2021-07-15 09:57:17');
insert into client (id, entreprise_id, user_id, cli_nom, cli_prenom, cli_naissance, cli_tel, cli_fax, cli_sexe, cli_date) values (7, 3, 18, 'Phillp', 'Wilton', '2021-07-15 09:57:17', '575-166-7982', '517-208-7962', '0', '2021-07-15 09:57:17');
insert into client (id, entreprise_id, user_id, cli_nom, cli_prenom, cli_naissance, cli_tel, cli_fax, cli_sexe, cli_date) values (8, 6, 24, 'Bigg', 'Ezri', '2021-07-15 09:57:17', '291-556-3677', '506-997-9910', '1', '2021-07-15 09:57:17');
insert into client (id, entreprise_id, user_id, cli_nom, cli_prenom, cli_naissance, cli_tel, cli_fax, cli_sexe, cli_date) values (9, 6, 11, 'Harragin', 'Lyndel', '2021-07-15 09:57:17', '723-305-4528', '361-698-9780', '1', '2021-07-15 09:57:17');
insert into client (id, entreprise_id, user_id, cli_nom, cli_prenom, cli_naissance, cli_tel, cli_fax, cli_sexe, cli_date) values (10, 4, 19, 'Alexandersson', 'Dewitt', '2021-07-15 09:57:17', '561-601-9584', '921-263-7187', '1', '2021-07-15 09:57:17');
insert into client (id, entreprise_id, user_id, cli_nom, cli_prenom, cli_naissance, cli_tel, cli_fax, cli_sexe, cli_date) values (11, 3, 4, 'Graal', 'Peder', '2021-07-15 09:57:17', '275-942-1097', '672-491-9255', '0', '2021-07-15 09:57:17');
insert into client (id, entreprise_id, user_id, cli_nom, cli_prenom, cli_naissance, cli_tel, cli_fax, cli_sexe, cli_date) values (12, 9, 22, 'Hanniger', 'Cindie', '2021-07-15 09:57:17', '961-133-2281', '122-266-4976', '1', '2021-07-15 09:57:17');
insert into client (id, entreprise_id, user_id, cli_nom, cli_prenom, cli_naissance, cli_tel, cli_fax, cli_sexe, cli_date) values (13, 4, 18, 'Dillicate', 'Francklin', '2021-07-15 09:57:17', '478-810-1366', '788-229-2773', '0', '2021-07-15 09:57:17');
insert into client (id, entreprise_id, user_id, cli_nom, cli_prenom, cli_naissance, cli_tel, cli_fax, cli_sexe, cli_date) values (14, 3, 11, 'Tidswell', 'Sawyer', '2021-07-15 09:57:17', '212-310-7757', '333-276-5411', '0', '2021-07-15 09:57:17');
insert into client (id, entreprise_id, user_id, cli_nom, cli_prenom, cli_naissance, cli_tel, cli_fax, cli_sexe, cli_date) values (15, 4, 22, 'Tomala', 'Sarajane', '2021-07-15 09:57:17', '595-403-7827', '405-192-6648', '1', '2021-07-15 09:57:17');
insert into client (id, entreprise_id, user_id, cli_nom, cli_prenom, cli_naissance, cli_tel, cli_fax, cli_sexe, cli_date) values (16, 10, 18, 'Vasyutkin', 'Anita', '2021-07-15 09:57:17', '325-886-3508', '563-484-9940', '0', '2021-07-15 09:57:17');
insert into client (id, entreprise_id, user_id, cli_nom, cli_prenom, cli_naissance, cli_tel, cli_fax, cli_sexe, cli_date) values (17, 2, 22, 'Wadeson', 'Floris', '2021-07-15 09:57:17', '365-188-0723', '296-657-2169', '1', '2021-07-15 09:57:17');
insert into client (id, entreprise_id, user_id, cli_nom, cli_prenom, cli_naissance, cli_tel, cli_fax, cli_sexe, cli_date) values (18, 6, 2, 'Halliwell', 'Dore', '2021-07-15 09:57:17', '884-871-9056', '900-853-9036', '1', '2021-07-15 09:57:17');
insert into client (id, entreprise_id, user_id, cli_nom, cli_prenom, cli_naissance, cli_tel, cli_fax, cli_sexe, cli_date) values (19, 2, 12, 'Punter', 'Cecil', '2021-07-15 09:57:17', '197-535-0744', '274-167-8657', '1', '2021-07-15 09:57:17');
insert into client (id, entreprise_id, user_id, cli_nom, cli_prenom, cli_naissance, cli_tel, cli_fax, cli_sexe, cli_date) values (20, 10, 12, 'Coultard', 'Genvieve', '2021-07-15 09:57:17', '963-255-3393', '599-127-6484', '0', '2021-07-15 09:57:17');

insert into commande (id, client_id, com_numero, com_fiche, com_facture, com_statut, com_commande, com_livraison, com_butoir) values (1, 15, 77996156, 1, 1, 3, '2021-07-15 09:57:17', '2021-07-15 09:57:17', '2021-07-15 09:57:17');
insert into commande (id, client_id, com_numero, com_fiche, com_facture, com_statut, com_commande, com_livraison, com_butoir) values (2, 20, 82482988, 2, 2, 3, '2021-07-15 09:57:17', '2021-07-15 09:57:17', '2021-07-15 09:57:17');
insert into commande (id, client_id, com_numero, com_fiche, com_facture, com_statut, com_commande, com_livraison, com_butoir) values (3, 1, 96392463, 3, 3, 3, '2021-07-15 09:57:17', '2021-07-15 09:57:17', '2021-07-15 09:57:17');
insert into commande (id, client_id, com_numero, com_fiche, com_facture, com_statut, com_commande, com_livraison, com_butoir) values (4, 19, 22461095, 4, 4, 2, '2021-07-15 09:57:17', '2021-07-15 09:57:17', '2021-07-15 09:57:17');
insert into commande (id, client_id, com_numero, com_fiche, com_facture, com_statut, com_commande, com_livraison, com_butoir) values (5, 19, 72995356, 5, 5, 3, '2021-07-15 09:57:17', '2021-07-15 09:57:17', '2021-07-15 09:57:17');
insert into commande (id, client_id, com_numero, com_fiche, com_facture, com_statut, com_commande, com_livraison, com_butoir) values (6, 3, 67838725, 6, 6, 2, '2021-07-15 09:57:17', '2021-07-15 09:57:17', '2021-07-15 09:57:17');
insert into commande (id, client_id, com_numero, com_fiche, com_facture, com_statut, com_commande, com_livraison, com_butoir) values (7, 6, 67741581, 7, 7, 1, '2021-07-15 09:57:17', '2021-07-15 09:57:17', '2021-07-15 09:57:17');
insert into commande (id, client_id, com_numero, com_fiche, com_facture, com_statut, com_commande, com_livraison, com_butoir) values (8, 11, 24395174, 8, 8, 1, '2021-07-15 09:57:17', '2021-07-15 09:57:17', '2021-07-15 09:57:17');
insert into commande (id, client_id, com_numero, com_fiche, com_facture, com_statut, com_commande, com_livraison, com_butoir) values (9, 16, 46175858, 9, 9, 1, '2021-07-15 09:57:17', '2021-07-15 09:57:17', '2021-07-15 09:57:17');
insert into commande (id, client_id, com_numero, com_fiche, com_facture, com_statut, com_commande, com_livraison, com_butoir) values (10, 16, 15562393, 10, 10, 3, '2021-07-15 09:57:17', '2021-07-15 09:57:17', '2021-07-15 09:57:17');
insert into commande (id, client_id, com_numero, com_fiche, com_facture, com_statut, com_commande, com_livraison, com_butoir) values (11, 5, 45643625, 11, 11, 3, '2021-07-15 09:57:17', '2021-07-15 09:57:17', '2021-07-15 09:57:17');
insert into commande (id, client_id, com_numero, com_fiche, com_facture, com_statut, com_commande, com_livraison, com_butoir) values (12, 2, 48324092, 12, 12, 1, '2021-07-15 09:57:17', '2021-07-15 09:57:17', '2021-07-15 09:57:17');
insert into commande (id, client_id, com_numero, com_fiche, com_facture, com_statut, com_commande, com_livraison, com_butoir) values (13, 20, 94835218, 13, 13, 3, '2021-07-15 09:57:17', '2021-07-15 09:57:17', '2021-07-15 09:57:17');
insert into commande (id, client_id, com_numero, com_fiche, com_facture, com_statut, com_commande, com_livraison, com_butoir) values (14, 8, 63797188, 14, 14, 3, '2021-07-15 09:57:17', '2021-07-15 09:57:17', '2021-07-15 09:57:17');
insert into commande (id, client_id, com_numero, com_fiche, com_facture, com_statut, com_commande, com_livraison, com_butoir) values (15, 12, 36718190, 15, 15, 3, '2021-07-15 09:57:17', '2021-07-15 09:57:17', '2021-07-15 09:57:17');
insert into commande (id, client_id, com_numero, com_fiche, com_facture, com_statut, com_commande, com_livraison, com_butoir) values (16, 14, 26114557, 16, 16, 1, '2021-07-15 09:57:17', '2021-07-15 09:57:17', '2021-07-15 09:57:17');
insert into commande (id, client_id, com_numero, com_fiche, com_facture, com_statut, com_commande, com_livraison, com_butoir) values (17, 8, 84993448, 17, 17, 3, '2021-07-15 09:57:17', '2021-07-15 09:57:17', '2021-07-15 09:57:17');
insert into commande (id, client_id, com_numero, com_fiche, com_facture, com_statut, com_commande, com_livraison, com_butoir) values (18, 10, 84429866, 18, 18, 1, '2021-07-15 09:57:17', '2021-07-15 09:57:17', '2021-07-15 09:57:17');
insert into commande (id, client_id, com_numero, com_fiche, com_facture, com_statut, com_commande, com_livraison, com_butoir) values (19, 7, 68243175, 19, 19, 2, '2021-07-15 09:57:17', '2021-07-15 09:57:17', '2021-07-15 09:57:17');
insert into commande (id, client_id, com_numero, com_fiche, com_facture, com_statut, com_commande, com_livraison, com_butoir) values (20, 14, 61380159, 20, 20, 3, '2021-07-15 09:57:17', '2021-07-15 09:57:17', '2021-07-15 09:57:17');
insert into commande (id, client_id, com_numero, com_fiche, com_facture, com_statut, com_commande, com_livraison, com_butoir) values (21, 20, 97766485, 21, 21, 3, '2021-07-15 09:57:17', '2021-07-15 09:57:17', '2021-07-15 09:57:17');
insert into commande (id, client_id, com_numero, com_fiche, com_facture, com_statut, com_commande, com_livraison, com_butoir) values (22, 6, 48796280, 22, 22, 1, '2021-07-15 09:57:17', '2021-07-15 09:57:17', '2021-07-15 09:57:17');
insert into commande (id, client_id, com_numero, com_fiche, com_facture, com_statut, com_commande, com_livraison, com_butoir) values (23, 15, 30452253, 23, 23, 3, '2021-07-15 09:57:17', '2021-07-15 09:57:17', '2021-07-15 09:57:17');
insert into commande (id, client_id, com_numero, com_fiche, com_facture, com_statut, com_commande, com_livraison, com_butoir) values (24, 14, 80421503, 24, 24, 2, '2021-07-15 09:57:17', '2021-07-15 09:57:17', '2021-07-15 09:57:17');
insert into commande (id, client_id, com_numero, com_fiche, com_facture, com_statut, com_commande, com_livraison, com_butoir) values (25, 12, 74529265, 25, 25, 3, '2021-07-15 09:57:17', '2021-07-15 09:57:17', '2021-07-15 09:57:17');
insert into commande (id, client_id, com_numero, com_fiche, com_facture, com_statut, com_commande, com_livraison, com_butoir) values (26, 16, 28892582, 26, 26, 3, '2021-07-15 09:57:17', '2021-07-15 09:57:17', '2021-07-15 09:57:17');
insert into commande (id, client_id, com_numero, com_fiche, com_facture, com_statut, com_commande, com_livraison, com_butoir) values (27, 3, 99569797, 27, 27, 1, '2021-07-15 09:57:17', '2021-07-15 09:57:17', '2021-07-15 09:57:17');
insert into commande (id, client_id, com_numero, com_fiche, com_facture, com_statut, com_commande, com_livraison, com_butoir) values (28, 8, 25139071, 28, 28, 3, '2021-07-15 09:57:17', '2021-07-15 09:57:17', '2021-07-15 09:57:17');
insert into commande (id, client_id, com_numero, com_fiche, com_facture, com_statut, com_commande, com_livraison, com_butoir) values (29, 16, 27543488, 29, 29, 1, '2021-07-15 09:57:17', '2021-07-15 09:57:17', '2021-07-15 09:57:17');
insert into commande (id, client_id, com_numero, com_fiche, com_facture, com_statut, com_commande, com_livraison, com_butoir) values (30, 10, 15079571, 30, 30, 2, '2021-07-15 09:57:17', '2021-07-15 09:57:17', '2021-07-15 09:57:17');
insert into commande (id, client_id, com_numero, com_fiche, com_facture, com_statut, com_commande, com_livraison, com_butoir) values (31, 6, 17957215, 31, 31, 1, '2021-07-15 09:57:17', '2021-07-15 09:57:17', '2021-07-15 09:57:17');
insert into commande (id, client_id, com_numero, com_fiche, com_facture, com_statut, com_commande, com_livraison, com_butoir) values (32, 3, 39976647, 32, 32, 1, '2021-07-15 09:57:17', '2021-07-15 09:57:17', '2021-07-15 09:57:17');
insert into commande (id, client_id, com_numero, com_fiche, com_facture, com_statut, com_commande, com_livraison, com_butoir) values (33, 19, 48406623, 33, 33, 2, '2021-07-15 09:57:17', '2021-07-15 09:57:17', '2021-07-15 09:57:17');
insert into commande (id, client_id, com_numero, com_fiche, com_facture, com_statut, com_commande, com_livraison, com_butoir) values (34, 1, 88725453, 34, 34, 1, '2021-07-15 09:57:17', '2021-07-15 09:57:17', '2021-07-15 09:57:17');
insert into commande (id, client_id, com_numero, com_fiche, com_facture, com_statut, com_commande, com_livraison, com_butoir) values (35, 12, 23605182, 35, 35, 1, '2021-07-15 09:57:17', '2021-07-15 09:57:17', '2021-07-15 09:57:17');
insert into commande (id, client_id, com_numero, com_fiche, com_facture, com_statut, com_commande, com_livraison, com_butoir) values (36, 6, 70001808, 36, 36, 3, '2021-07-15 09:57:17', '2021-07-15 09:57:17', '2021-07-15 09:57:17');
insert into commande (id, client_id, com_numero, com_fiche, com_facture, com_statut, com_commande, com_livraison, com_butoir) values (37, 6, 54521030, 37, 37, 1, '2021-07-15 09:57:17', '2021-07-15 09:57:17', '2021-07-15 09:57:17');
insert into commande (id, client_id, com_numero, com_fiche, com_facture, com_statut, com_commande, com_livraison, com_butoir) values (38, 14, 13690288, 38, 38, 2, '2021-07-15 09:57:17', '2021-07-15 09:57:17', '2021-07-15 09:57:17');
insert into commande (id, client_id, com_numero, com_fiche, com_facture, com_statut, com_commande, com_livraison, com_butoir) values (39, 9, 70742738, 39, 39, 1, '2021-07-15 09:57:17', '2021-07-15 09:57:17', '2021-07-15 09:57:17');
insert into commande (id, client_id, com_numero, com_fiche, com_facture, com_statut, com_commande, com_livraison, com_butoir) values (40, 4, 70300307, 40, 40, 1, '2021-07-15 09:57:17', '2021-07-15 09:57:17', '2021-07-15 09:57:17');
insert into commande (id, client_id, com_numero, com_fiche, com_facture, com_statut, com_commande, com_livraison, com_butoir) values (41, 2, 25965446, 41, 41, 1, '2021-07-15 09:57:17', '2021-07-15 09:57:17', '2021-07-15 09:57:17');
insert into commande (id, client_id, com_numero, com_fiche, com_facture, com_statut, com_commande, com_livraison, com_butoir) values (42, 12, 82542584, 42, 42, 2, '2021-07-15 09:57:17', '2021-07-15 09:57:17', '2021-07-15 09:57:17');
insert into commande (id, client_id, com_numero, com_fiche, com_facture, com_statut, com_commande, com_livraison, com_butoir) values (43, 3, 20175522, 43, 43, 1, '2021-07-15 09:57:17', '2021-07-15 09:57:17', '2021-07-15 09:57:17');
insert into commande (id, client_id, com_numero, com_fiche, com_facture, com_statut, com_commande, com_livraison, com_butoir) values (44, 6, 61408566, 44, 44, 1, '2021-07-15 09:57:17', '2021-07-15 09:57:17', '2021-07-15 09:57:17');
insert into commande (id, client_id, com_numero, com_fiche, com_facture, com_statut, com_commande, com_livraison, com_butoir) values (45, 13, 36755832, 45, 45, 2, '2021-07-15 09:57:17', '2021-07-15 09:57:17', '2021-07-15 09:57:17');
insert into commande (id, client_id, com_numero, com_fiche, com_facture, com_statut, com_commande, com_livraison, com_butoir) values (46, 5, 28156065, 46, 46, 1, '2021-07-15 09:57:17', '2021-07-15 09:57:17', '2021-07-15 09:57:17');
insert into commande (id, client_id, com_numero, com_fiche, com_facture, com_statut, com_commande, com_livraison, com_butoir) values (47, 9, 54787258, 47, 47, 3, '2021-07-15 09:57:17', '2021-07-15 09:57:17', '2021-07-15 09:57:17');
insert into commande (id, client_id, com_numero, com_fiche, com_facture, com_statut, com_commande, com_livraison, com_butoir) values (48, 14, 89884703, 48, 48, 3, '2021-07-15 09:57:17', '2021-07-15 09:57:17', '2021-07-15 09:57:17');
insert into commande (id, client_id, com_numero, com_fiche, com_facture, com_statut, com_commande, com_livraison, com_butoir) values (49, 18, 57162492, 49, 49, 2, '2021-07-15 09:57:17', '2021-07-15 09:57:17', '2021-07-15 09:57:17');
insert into commande (id, client_id, com_numero, com_fiche, com_facture, com_statut, com_commande, com_livraison, com_butoir) values (50, 8, 32975918, 50, 50, 3, '2021-07-15 09:57:17', '2021-07-15 09:57:17', '2021-07-15 09:57:17');
insert into commande (id, client_id, com_numero, com_fiche, com_facture, com_statut, com_commande, com_livraison, com_butoir) values (51, 6, 64225721, 51, 51, 1, '2021-07-15 09:57:17', '2021-07-15 09:57:17', '2021-07-15 09:57:17');
insert into commande (id, client_id, com_numero, com_fiche, com_facture, com_statut, com_commande, com_livraison, com_butoir) values (52, 18, 29179979, 52, 52, 2, '2021-07-15 09:57:17', '2021-07-15 09:57:17', '2021-07-15 09:57:17');
insert into commande (id, client_id, com_numero, com_fiche, com_facture, com_statut, com_commande, com_livraison, com_butoir) values (53, 18, 55768283, 53, 53, 1, '2021-07-15 09:57:17', '2021-07-15 09:57:17', '2021-07-15 09:57:17');
insert into commande (id, client_id, com_numero, com_fiche, com_facture, com_statut, com_commande, com_livraison, com_butoir) values (54, 4, 43195324, 54, 54, 2, '2021-07-15 09:57:17', '2021-07-15 09:57:17', '2021-07-15 09:57:17');
insert into commande (id, client_id, com_numero, com_fiche, com_facture, com_statut, com_commande, com_livraison, com_butoir) values (55, 20, 19451604, 55, 55, 3, '2021-07-15 09:57:17', '2021-07-15 09:57:17', '2021-07-15 09:57:17');
insert into commande (id, client_id, com_numero, com_fiche, com_facture, com_statut, com_commande, com_livraison, com_butoir) values (56, 14, 91476626, 56, 56, 2, '2021-07-15 09:57:17', '2021-07-15 09:57:17', '2021-07-15 09:57:17');
insert into commande (id, client_id, com_numero, com_fiche, com_facture, com_statut, com_commande, com_livraison, com_butoir) values (57, 8, 23430886, 57, 57, 2, '2021-07-15 09:57:17', '2021-07-15 09:57:17', '2021-07-15 09:57:17');
insert into commande (id, client_id, com_numero, com_fiche, com_facture, com_statut, com_commande, com_livraison, com_butoir) values (58, 15, 95624485, 58, 58, 3, '2021-07-15 09:57:17', '2021-07-15 09:57:17', '2021-07-15 09:57:17');
insert into commande (id, client_id, com_numero, com_fiche, com_facture, com_statut, com_commande, com_livraison, com_butoir) values (59, 8, 86867620, 59, 59, 3, '2021-07-15 09:57:17', '2021-07-15 09:57:17', '2021-07-15 09:57:17');
insert into commande (id, client_id, com_numero, com_fiche, com_facture, com_statut, com_commande, com_livraison, com_butoir) values (60, 10, 71832454, 60, 60, 2, '2021-07-15 09:57:17', '2021-07-15 09:57:17', '2021-07-15 09:57:17');
insert into commande (id, client_id, com_numero, com_fiche, com_facture, com_statut, com_commande, com_livraison, com_butoir) values (61, 7, 70971547, 61, 61, 2, '2021-07-15 09:57:17', '2021-07-15 09:57:17', '2021-07-15 09:57:17');
insert into commande (id, client_id, com_numero, com_fiche, com_facture, com_statut, com_commande, com_livraison, com_butoir) values (62, 13, 63080399, 62, 62, 1, '2021-07-15 09:57:17', '2021-07-15 09:57:17', '2021-07-15 09:57:17');
insert into commande (id, client_id, com_numero, com_fiche, com_facture, com_statut, com_commande, com_livraison, com_butoir) values (63, 12, 72794220, 63, 63, 1, '2021-07-15 09:57:17', '2021-07-15 09:57:17', '2021-07-15 09:57:17');
insert into commande (id, client_id, com_numero, com_fiche, com_facture, com_statut, com_commande, com_livraison, com_butoir) values (64, 13, 43537417, 64, 64, 1, '2021-07-15 09:57:17', '2021-07-15 09:57:17', '2021-07-15 09:57:17');
insert into commande (id, client_id, com_numero, com_fiche, com_facture, com_statut, com_commande, com_livraison, com_butoir) values (65, 3, 90378473, 65, 65, 1, '2021-07-15 09:57:17', '2021-07-15 09:57:17', '2021-07-15 09:57:17');
insert into commande (id, client_id, com_numero, com_fiche, com_facture, com_statut, com_commande, com_livraison, com_butoir) values (66, 14, 62129945, 66, 66, 2, '2021-07-15 09:57:17', '2021-07-15 09:57:17', '2021-07-15 09:57:17');
insert into commande (id, client_id, com_numero, com_fiche, com_facture, com_statut, com_commande, com_livraison, com_butoir) values (67, 5, 66723849, 67, 67, 2, '2021-07-15 09:57:17', '2021-07-15 09:57:17', '2021-07-15 09:57:17');
insert into commande (id, client_id, com_numero, com_fiche, com_facture, com_statut, com_commande, com_livraison, com_butoir) values (68, 15, 31597024, 68, 68, 1, '2021-07-15 09:57:17', '2021-07-15 09:57:17', '2021-07-15 09:57:17');
insert into commande (id, client_id, com_numero, com_fiche, com_facture, com_statut, com_commande, com_livraison, com_butoir) values (69, 9, 21468014, 69, 69, 1, '2021-07-15 09:57:17', '2021-07-15 09:57:17', '2021-07-15 09:57:17');
insert into commande (id, client_id, com_numero, com_fiche, com_facture, com_statut, com_commande, com_livraison, com_butoir) values (70, 5, 43858032, 70, 70, 3, '2021-07-15 09:57:17', '2021-07-15 09:57:17', '2021-07-15 09:57:17');
insert into commande (id, client_id, com_numero, com_fiche, com_facture, com_statut, com_commande, com_livraison, com_butoir) values (71, 10, 23254505, 71, 71, 2, '2021-07-15 09:57:17', '2021-07-15 09:57:17', '2021-07-15 09:57:17');
insert into commande (id, client_id, com_numero, com_fiche, com_facture, com_statut, com_commande, com_livraison, com_butoir) values (72, 18, 90284658, 72, 72, 2, '2021-07-15 09:57:17', '2021-07-15 09:57:17', '2021-07-15 09:57:17');
insert into commande (id, client_id, com_numero, com_fiche, com_facture, com_statut, com_commande, com_livraison, com_butoir) values (73, 20, 95113750, 73, 73, 1, '2021-07-15 09:57:17', '2021-07-15 09:57:17', '2021-07-15 09:57:17');
insert into commande (id, client_id, com_numero, com_fiche, com_facture, com_statut, com_commande, com_livraison, com_butoir) values (74, 18, 89492174, 74, 74, 3, '2021-07-15 09:57:17', '2021-07-15 09:57:17', '2021-07-15 09:57:17');
insert into commande (id, client_id, com_numero, com_fiche, com_facture, com_statut, com_commande, com_livraison, com_butoir) values (75, 6, 43006170, 75, 75, 2, '2021-07-15 09:57:17', '2021-07-15 09:57:17', '2021-07-15 09:57:17');
insert into commande (id, client_id, com_numero, com_fiche, com_facture, com_statut, com_commande, com_livraison, com_butoir) values (76, 5, 66018035, 76, 76, 2, '2021-07-15 09:57:17', '2021-07-15 09:57:17', '2021-07-15 09:57:17');
insert into commande (id, client_id, com_numero, com_fiche, com_facture, com_statut, com_commande, com_livraison, com_butoir) values (77, 4, 10533278, 77, 77, 1, '2021-07-15 09:57:17', '2021-07-15 09:57:17', '2021-07-15 09:57:17');
insert into commande (id, client_id, com_numero, com_fiche, com_facture, com_statut, com_commande, com_livraison, com_butoir) values (78, 4, 14870112, 78, 78, 1, '2021-07-15 09:57:17', '2021-07-15 09:57:17', '2021-07-15 09:57:17');
insert into commande (id, client_id, com_numero, com_fiche, com_facture, com_statut, com_commande, com_livraison, com_butoir) values (79, 19, 65591159, 79, 79, 2, '2021-07-15 09:57:17', '2021-07-15 09:57:17', '2021-07-15 09:57:17');
insert into commande (id, client_id, com_numero, com_fiche, com_facture, com_statut, com_commande, com_livraison, com_butoir) values (80, 16, 29996550, 80, 80, 3, '2021-07-15 09:57:17', '2021-07-15 09:57:17', '2021-07-15 09:57:17');
insert into commande (id, client_id, com_numero, com_fiche, com_facture, com_statut, com_commande, com_livraison, com_butoir) values (81, 17, 98188498, 81, 81, 1, '2021-07-15 09:57:17', '2021-07-15 09:57:17', '2021-07-15 09:57:17');
insert into commande (id, client_id, com_numero, com_fiche, com_facture, com_statut, com_commande, com_livraison, com_butoir) values (82, 16, 66766214, 82, 82, 3, '2021-07-15 09:57:17', '2021-07-15 09:57:17', '2021-07-15 09:57:17');
insert into commande (id, client_id, com_numero, com_fiche, com_facture, com_statut, com_commande, com_livraison, com_butoir) values (83, 4, 11939895, 83, 83, 3, '2021-07-15 09:57:17', '2021-07-15 09:57:17', '2021-07-15 09:57:17');
insert into commande (id, client_id, com_numero, com_fiche, com_facture, com_statut, com_commande, com_livraison, com_butoir) values (84, 16, 51862691, 84, 84, 1, '2021-07-15 09:57:17', '2021-07-15 09:57:17', '2021-07-15 09:57:17');
insert into commande (id, client_id, com_numero, com_fiche, com_facture, com_statut, com_commande, com_livraison, com_butoir) values (85, 9, 63616379, 85, 85, 3, '2021-07-15 09:57:17', '2021-07-15 09:57:17', '2021-07-15 09:57:17');
insert into commande (id, client_id, com_numero, com_fiche, com_facture, com_statut, com_commande, com_livraison, com_butoir) values (86, 6, 74747803, 86, 86, 3, '2021-07-15 09:57:17', '2021-07-15 09:57:17', '2021-07-15 09:57:17');
insert into commande (id, client_id, com_numero, com_fiche, com_facture, com_statut, com_commande, com_livraison, com_butoir) values (87, 3, 29840222, 87, 87, 3, '2021-07-15 09:57:17', '2021-07-15 09:57:17', '2021-07-15 09:57:17');
insert into commande (id, client_id, com_numero, com_fiche, com_facture, com_statut, com_commande, com_livraison, com_butoir) values (88, 9, 17772069, 88, 88, 3, '2021-07-15 09:57:17', '2021-07-15 09:57:17', '2021-07-15 09:57:17');
insert into commande (id, client_id, com_numero, com_fiche, com_facture, com_statut, com_commande, com_livraison, com_butoir) values (89, 8, 70462826, 89, 89, 1, '2021-07-15 09:57:17', '2021-07-15 09:57:17', '2021-07-15 09:57:17');
insert into commande (id, client_id, com_numero, com_fiche, com_facture, com_statut, com_commande, com_livraison, com_butoir) values (90, 16, 10887731, 90, 90, 1, '2021-07-15 09:57:17', '2021-07-15 09:57:17', '2021-07-15 09:57:17');
insert into commande (id, client_id, com_numero, com_fiche, com_facture, com_statut, com_commande, com_livraison, com_butoir) values (91, 18, 56011955, 91, 91, 2, '2021-07-15 09:57:17', '2021-07-15 09:57:17', '2021-07-15 09:57:17');
insert into commande (id, client_id, com_numero, com_fiche, com_facture, com_statut, com_commande, com_livraison, com_butoir) values (92, 5, 35785054, 92, 92, 1, '2021-07-15 09:57:17', '2021-07-15 09:57:17', '2021-07-15 09:57:17');
insert into commande (id, client_id, com_numero, com_fiche, com_facture, com_statut, com_commande, com_livraison, com_butoir) values (93, 12, 18291615, 93, 93, 2, '2021-07-15 09:57:17', '2021-07-15 09:57:17', '2021-07-15 09:57:17');
insert into commande (id, client_id, com_numero, com_fiche, com_facture, com_statut, com_commande, com_livraison, com_butoir) values (94, 10, 39628650, 94, 94, 1, '2021-07-15 09:57:17', '2021-07-15 09:57:17', '2021-07-15 09:57:17');
insert into commande (id, client_id, com_numero, com_fiche, com_facture, com_statut, com_commande, com_livraison, com_butoir) values (95, 6, 50583413, 95, 95, 1, '2021-07-15 09:57:17', '2021-07-15 09:57:17', '2021-07-15 09:57:17');
insert into commande (id, client_id, com_numero, com_fiche, com_facture, com_statut, com_commande, com_livraison, com_butoir) values (96, 16, 30188828, 96, 96, 1, '2021-07-15 09:57:17', '2021-07-15 09:57:17', '2021-07-15 09:57:17');
insert into commande (id, client_id, com_numero, com_fiche, com_facture, com_statut, com_commande, com_livraison, com_butoir) values (97, 7, 73792934, 97, 97, 1, '2021-07-15 09:57:17', '2021-07-15 09:57:17', '2021-07-15 09:57:17');
insert into commande (id, client_id, com_numero, com_fiche, com_facture, com_statut, com_commande, com_livraison, com_butoir) values (98, 19, 98144293, 98, 98, 1, '2021-07-15 09:57:17', '2021-07-15 09:57:17', '2021-07-15 09:57:17');
insert into commande (id, client_id, com_numero, com_fiche, com_facture, com_statut, com_commande, com_livraison, com_butoir) values (99, 7, 32623006, 99, 99, 2, '2021-07-15 09:57:17', '2021-07-15 09:57:17', '2021-07-15 09:57:17');
insert into commande (id, client_id, com_numero, com_fiche, com_facture, com_statut, com_commande, com_livraison, com_butoir) values (100, 6, 61159597, 100, 100, 1, '2021-07-15 09:57:17', '2021-07-15 09:57:17', '2021-07-15 09:57:17');

insert into livraison (id, commande_id, liv_quantite) values (1, 64, 122);
insert into livraison (id, commande_id, liv_quantite) values (2, 29, 878);
insert into livraison (id, commande_id, liv_quantite) values (3, 33, 697);
insert into livraison (id, commande_id, liv_quantite) values (4, 29, 926);
insert into livraison (id, commande_id, liv_quantite) values (5, 37, 629);
insert into livraison (id, commande_id, liv_quantite) values (6, 71, 380);
insert into livraison (id, commande_id, liv_quantite) values (7, 38, 606);
insert into livraison (id, commande_id, liv_quantite) values (8, 38, 720);
insert into livraison (id, commande_id, liv_quantite) values (9, 56, 147);
insert into livraison (id, commande_id, liv_quantite) values (10, 28, 728);
insert into livraison (id, commande_id, liv_quantite) values (11, 82, 341);
insert into livraison (id, commande_id, liv_quantite) values (12, 83, 356);
insert into livraison (id, commande_id, liv_quantite) values (13, 46, 778);
insert into livraison (id, commande_id, liv_quantite) values (14, 66, 465);
insert into livraison (id, commande_id, liv_quantite) values (15, 16, 644);
insert into livraison (id, commande_id, liv_quantite) values (16, 18, 347);
insert into livraison (id, commande_id, liv_quantite) values (17, 85, 745);
insert into livraison (id, commande_id, liv_quantite) values (18, 92, 421);
insert into livraison (id, commande_id, liv_quantite) values (19, 100, 22);
insert into livraison (id, commande_id, liv_quantite) values (20, 69, 194);
insert into livraison (id, commande_id, liv_quantite) values (21, 75, 618);
insert into livraison (id, commande_id, liv_quantite) values (22, 67, 737);
insert into livraison (id, commande_id, liv_quantite) values (23, 17, 742);
insert into livraison (id, commande_id, liv_quantite) values (24, 41, 235);
insert into livraison (id, commande_id, liv_quantite) values (25, 21, 411);
insert into livraison (id, commande_id, liv_quantite) values (26, 86, 981);
insert into livraison (id, commande_id, liv_quantite) values (27, 17, 793);
insert into livraison (id, commande_id, liv_quantite) values (28, 3, 38);
insert into livraison (id, commande_id, liv_quantite) values (29, 94, 372);
insert into livraison (id, commande_id, liv_quantite) values (30, 6, 217);
insert into livraison (id, commande_id, liv_quantite) values (31, 36, 88);
insert into livraison (id, commande_id, liv_quantite) values (32, 65, 216);
insert into livraison (id, commande_id, liv_quantite) values (33, 71, 202);
insert into livraison (id, commande_id, liv_quantite) values (34, 43, 736);
insert into livraison (id, commande_id, liv_quantite) values (35, 67, 330);
insert into livraison (id, commande_id, liv_quantite) values (36, 37, 168);
insert into livraison (id, commande_id, liv_quantite) values (37, 80, 405);
insert into livraison (id, commande_id, liv_quantite) values (38, 5, 901);
insert into livraison (id, commande_id, liv_quantite) values (39, 88, 385);
insert into livraison (id, commande_id, liv_quantite) values (40, 78, 12);
insert into livraison (id, commande_id, liv_quantite) values (41, 82, 823);
insert into livraison (id, commande_id, liv_quantite) values (42, 2, 946);
insert into livraison (id, commande_id, liv_quantite) values (43, 51, 849);
insert into livraison (id, commande_id, liv_quantite) values (44, 82, 772);
insert into livraison (id, commande_id, liv_quantite) values (45, 32, 948);
insert into livraison (id, commande_id, liv_quantite) values (46, 54, 55);
insert into livraison (id, commande_id, liv_quantite) values (47, 60, 87);
insert into livraison (id, commande_id, liv_quantite) values (48, 79, 499);
insert into livraison (id, commande_id, liv_quantite) values (49, 61, 899);
insert into livraison (id, commande_id, liv_quantite) values (50, 92, 388);
insert into livraison (id, commande_id, liv_quantite) values (51, 58, 729);
insert into livraison (id, commande_id, liv_quantite) values (52, 15, 538);
insert into livraison (id, commande_id, liv_quantite) values (53, 8, 177);
insert into livraison (id, commande_id, liv_quantite) values (54, 44, 964);
insert into livraison (id, commande_id, liv_quantite) values (55, 23, 621);
insert into livraison (id, commande_id, liv_quantite) values (56, 38, 510);
insert into livraison (id, commande_id, liv_quantite) values (57, 2, 599);
insert into livraison (id, commande_id, liv_quantite) values (58, 37, 750);
insert into livraison (id, commande_id, liv_quantite) values (59, 99, 48);
insert into livraison (id, commande_id, liv_quantite) values (60, 61, 438);
insert into livraison (id, commande_id, liv_quantite) values (61, 76, 208);
insert into livraison (id, commande_id, liv_quantite) values (62, 81, 736);
insert into livraison (id, commande_id, liv_quantite) values (63, 80, 749);
insert into livraison (id, commande_id, liv_quantite) values (64, 38, 731);
insert into livraison (id, commande_id, liv_quantite) values (65, 65, 225);
insert into livraison (id, commande_id, liv_quantite) values (66, 36, 488);
insert into livraison (id, commande_id, liv_quantite) values (67, 38, 805);
insert into livraison (id, commande_id, liv_quantite) values (68, 62, 426);
insert into livraison (id, commande_id, liv_quantite) values (69, 56, 7);
insert into livraison (id, commande_id, liv_quantite) values (70, 46, 395);
insert into livraison (id, commande_id, liv_quantite) values (71, 42, 760);
insert into livraison (id, commande_id, liv_quantite) values (72, 63, 376);
insert into livraison (id, commande_id, liv_quantite) values (73, 71, 109);
insert into livraison (id, commande_id, liv_quantite) values (74, 6, 552);
insert into livraison (id, commande_id, liv_quantite) values (75, 7, 394);
insert into livraison (id, commande_id, liv_quantite) values (76, 48, 18);
insert into livraison (id, commande_id, liv_quantite) values (77, 52, 680);
insert into livraison (id, commande_id, liv_quantite) values (78, 12, 284);
insert into livraison (id, commande_id, liv_quantite) values (79, 42, 816);
insert into livraison (id, commande_id, liv_quantite) values (80, 84, 59);
insert into livraison (id, commande_id, liv_quantite) values (81, 6, 237);
insert into livraison (id, commande_id, liv_quantite) values (82, 77, 234);
insert into livraison (id, commande_id, liv_quantite) values (83, 9, 426);
insert into livraison (id, commande_id, liv_quantite) values (84, 44, 506);
insert into livraison (id, commande_id, liv_quantite) values (85, 92, 804);
insert into livraison (id, commande_id, liv_quantite) values (86, 67, 458);
insert into livraison (id, commande_id, liv_quantite) values (87, 78, 350);
insert into livraison (id, commande_id, liv_quantite) values (88, 35, 279);
insert into livraison (id, commande_id, liv_quantite) values (89, 75, 491);
insert into livraison (id, commande_id, liv_quantite) values (90, 80, 472);

insert into commande_detail (commande_id, det_quantite, produit_id) values (17, 4, 10);
insert into commande_detail (commande_id, det_quantite, produit_id) values (8, 1, 37);
insert into commande_detail (commande_id, det_quantite, produit_id) values (91, 1, 44);
insert into commande_detail (commande_id, det_quantite, produit_id) values (7, 4, 10);
insert into commande_detail (commande_id, det_quantite, produit_id) values (7, 5, 34);
insert into commande_detail (commande_id, det_quantite, produit_id) values (56, 4, 21);
insert into commande_detail (commande_id, det_quantite, produit_id) values (53, 5, 10);
insert into commande_detail (commande_id, det_quantite, produit_id) values (2, 5, 18);
insert into commande_detail (commande_id, det_quantite, produit_id) values (6, 5, 28);
insert into commande_detail (commande_id, det_quantite, produit_id) values (21, 4, 36);
insert into commande_detail (commande_id, det_quantite, produit_id) values (93, 2, 6);
insert into commande_detail (commande_id, det_quantite, produit_id) values (17, 1, 29);
insert into commande_detail (commande_id, det_quantite, produit_id) values (69, 3, 49);
insert into commande_detail (commande_id, det_quantite, produit_id) values (60, 3, 50);
insert into commande_detail (commande_id, det_quantite, produit_id) values (90, 3, 21);
insert into commande_detail (commande_id, det_quantite, produit_id) values (35, 1, 46);
insert into commande_detail (commande_id, det_quantite, produit_id) values (88, 3, 6);
insert into commande_detail (commande_id, det_quantite, produit_id) values (34, 2, 42);
insert into commande_detail (commande_id, det_quantite, produit_id) values (83, 3, 48);
insert into commande_detail (commande_id, det_quantite, produit_id) values (40, 2, 20);
insert into commande_detail (commande_id, det_quantite, produit_id) values (23, 1, 40);
insert into commande_detail (commande_id, det_quantite, produit_id) values (43, 3, 18);
insert into commande_detail (commande_id, det_quantite, produit_id) values (14, 4, 10);
insert into commande_detail (commande_id, det_quantite, produit_id) values (90, 4, 6);
insert into commande_detail (commande_id, det_quantite, produit_id) values (13, 1, 18);
insert into commande_detail (commande_id, det_quantite, produit_id) values (32, 5, 33);
insert into commande_detail (commande_id, det_quantite, produit_id) values (68, 5, 43);
insert into commande_detail (commande_id, det_quantite, produit_id) values (62, 2, 7);
insert into commande_detail (commande_id, det_quantite, produit_id) values (96, 2, 22);
insert into commande_detail (commande_id, det_quantite, produit_id) values (62, 2, 40);
insert into commande_detail (commande_id, det_quantite, produit_id) values (83, 2, 8);
insert into commande_detail (commande_id, det_quantite, produit_id) values (12, 1, 12);
insert into commande_detail (commande_id, det_quantite, produit_id) values (40, 2, 1);
insert into commande_detail (commande_id, det_quantite, produit_id) values (8, 5, 48);
insert into commande_detail (commande_id, det_quantite, produit_id) values (44, 4, 29);
insert into commande_detail (commande_id, det_quantite, produit_id) values (46, 5, 15);
insert into commande_detail (commande_id, det_quantite, produit_id) values (76, 1, 40);
insert into commande_detail (commande_id, det_quantite, produit_id) values (80, 5, 5);
insert into commande_detail (commande_id, det_quantite, produit_id) values (88, 3, 21);
insert into commande_detail (commande_id, det_quantite, produit_id) values (10, 2, 22);
insert into commande_detail (commande_id, det_quantite, produit_id) values (20, 1, 6);
insert into commande_detail (commande_id, det_quantite, produit_id) values (40, 1, 11);
insert into commande_detail (commande_id, det_quantite, produit_id) values (91, 1, 42);
insert into commande_detail (commande_id, det_quantite, produit_id) values (76, 5, 11);
insert into commande_detail (commande_id, det_quantite, produit_id) values (12, 5, 28);
insert into commande_detail (commande_id, det_quantite, produit_id) values (15, 5, 11);
insert into commande_detail (commande_id, det_quantite, produit_id) values (3, 5, 12);
insert into commande_detail (commande_id, det_quantite, produit_id) values (12, 2, 39);
insert into commande_detail (commande_id, det_quantite, produit_id) values (53, 2, 40);
insert into commande_detail (commande_id, det_quantite, produit_id) values (42, 5, 41);
insert into commande_detail (commande_id, det_quantite, produit_id) values (100, 1, 49);
insert into commande_detail (commande_id, det_quantite, produit_id) values (16, 2, 8);
insert into commande_detail (commande_id, det_quantite, produit_id) values (24, 1, 22);
insert into commande_detail (commande_id, det_quantite, produit_id) values (10, 2, 21);
insert into commande_detail (commande_id, det_quantite, produit_id) values (2, 4, 10);
insert into commande_detail (commande_id, det_quantite, produit_id) values (90, 4, 5);
insert into commande_detail (commande_id, det_quantite, produit_id) values (90, 4, 18);
insert into commande_detail (commande_id, det_quantite, produit_id) values (53, 1, 33);
insert into commande_detail (commande_id, det_quantite, produit_id) values (24, 2, 41);
insert into commande_detail (commande_id, det_quantite, produit_id) values (69, 2, 1);
insert into commande_detail (commande_id, det_quantite, produit_id) values (20, 2, 32);
insert into commande_detail (commande_id, det_quantite, produit_id) values (75, 2, 23);
insert into commande_detail (commande_id, det_quantite, produit_id) values (29, 1, 15);
insert into commande_detail (commande_id, det_quantite, produit_id) values (24, 3, 5);
insert into commande_detail (commande_id, det_quantite, produit_id) values (32, 2, 13);
insert into commande_detail (commande_id, det_quantite, produit_id) values (86, 5, 44);
insert into commande_detail (commande_id, det_quantite, produit_id) values (22, 2, 10);
insert into commande_detail (commande_id, det_quantite, produit_id) values (1, 2, 2);
insert into commande_detail (commande_id, det_quantite, produit_id) values (38, 2, 11);
insert into commande_detail (commande_id, det_quantite, produit_id) values (67, 1, 11);
insert into commande_detail (commande_id, det_quantite, produit_id) values (27, 4, 50);
insert into commande_detail (commande_id, det_quantite, produit_id) values (15, 3, 48);
insert into commande_detail (commande_id, det_quantite, produit_id) values (81, 4, 3);
insert into commande_detail (commande_id, det_quantite, produit_id) values (52, 1, 33);
insert into commande_detail (commande_id, det_quantite, produit_id) values (88, 4, 38);
insert into commande_detail (commande_id, det_quantite, produit_id) values (12, 2, 20);
insert into commande_detail (commande_id, det_quantite, produit_id) values (60, 3, 49);
insert into commande_detail (commande_id, det_quantite, produit_id) values (43, 2, 23);
insert into commande_detail (commande_id, det_quantite, produit_id) values (82, 2, 4);
insert into commande_detail (commande_id, det_quantite, produit_id) values (74, 3, 6);
insert into commande_detail (commande_id, det_quantite, produit_id) values (50, 4, 13);
insert into commande_detail (commande_id, det_quantite, produit_id) values (43, 2, 27);
insert into commande_detail (commande_id, det_quantite, produit_id) values (90, 1, 23);
insert into commande_detail (commande_id, det_quantite, produit_id) values (43, 4, 2);
insert into commande_detail (commande_id, det_quantite, produit_id) values (89, 5, 49);
insert into commande_detail (commande_id, det_quantite, produit_id) values (47, 1, 21);
insert into commande_detail (commande_id, det_quantite, produit_id) values (89, 4, 46);
insert into commande_detail (commande_id, det_quantite, produit_id) values (82, 5, 29);
insert into commande_detail (commande_id, det_quantite, produit_id) values (75, 4, 18);
insert into commande_detail (commande_id, det_quantite, produit_id) values (36, 3, 32);
insert into commande_detail (commande_id, det_quantite, produit_id) values (67, 1, 32);
insert into commande_detail (commande_id, det_quantite, produit_id) values (10, 2, 47);
insert into commande_detail (commande_id, det_quantite, produit_id) values (27, 5, 9);
insert into commande_detail (commande_id, det_quantite, produit_id) values (51, 4, 29);
insert into commande_detail (commande_id, det_quantite, produit_id) values (38, 4, 39);
insert into commande_detail (commande_id, det_quantite, produit_id) values (71, 5, 34);
insert into commande_detail (commande_id, det_quantite, produit_id) values (55, 5, 5);
insert into commande_detail (commande_id, det_quantite, produit_id) values (6, 1, 5);
insert into commande_detail (commande_id, det_quantite, produit_id) values (36, 5, 18);
insert into commande_detail (commande_id, det_quantite, produit_id) values (77, 2, 48);
insert into commande_detail (commande_id, det_quantite, produit_id) values (87, 5, 29);
insert into commande_detail (commande_id, det_quantite, produit_id) values (42, 5, 38);
insert into commande_detail (commande_id, det_quantite, produit_id) values (75, 5, 12);
insert into commande_detail (commande_id, det_quantite, produit_id) values (68, 5, 20);
insert into commande_detail (commande_id, det_quantite, produit_id) values (24, 3, 16);
insert into commande_detail (commande_id, det_quantite, produit_id) values (9, 4, 42);
insert into commande_detail (commande_id, det_quantite, produit_id) values (45, 2, 3);
insert into commande_detail (commande_id, det_quantite, produit_id) values (58, 1, 31);
insert into commande_detail (commande_id, det_quantite, produit_id) values (55, 3, 17);
insert into commande_detail (commande_id, det_quantite, produit_id) values (55, 3, 20);
insert into commande_detail (commande_id, det_quantite, produit_id) values (37, 3, 39);
insert into commande_detail (commande_id, det_quantite, produit_id) values (42, 5, 30);
insert into commande_detail (commande_id, det_quantite, produit_id) values (39, 1, 38);
insert into commande_detail (commande_id, det_quantite, produit_id) values (77, 4, 50);
insert into commande_detail (commande_id, det_quantite, produit_id) values (12, 5, 9);
insert into commande_detail (commande_id, det_quantite, produit_id) values (17, 3, 41);
insert into commande_detail (commande_id, det_quantite, produit_id) values (93, 4, 38);
insert into commande_detail (commande_id, det_quantite, produit_id) values (60, 4, 33);
insert into commande_detail (commande_id, det_quantite, produit_id) values (66, 5, 39);
insert into commande_detail (commande_id, det_quantite, produit_id) values (48, 3, 49);
insert into commande_detail (commande_id, det_quantite, produit_id) values (93, 2, 8);
insert into commande_detail (commande_id, det_quantite, produit_id) values (95, 5, 50);
insert into commande_detail (commande_id, det_quantite, produit_id) values (49, 3, 23);
insert into commande_detail (commande_id, det_quantite, produit_id) values (34, 4, 27);
insert into commande_detail (commande_id, det_quantite, produit_id) values (7, 2, 36);
insert into commande_detail (commande_id, det_quantite, produit_id) values (97, 3, 23);
insert into commande_detail (commande_id, det_quantite, produit_id) values (89, 4, 11);
insert into commande_detail (commande_id, det_quantite, produit_id) values (40, 1, 48);
insert into commande_detail (commande_id, det_quantite, produit_id) values (89, 1, 45);
insert into commande_detail (commande_id, det_quantite, produit_id) values (80, 3, 26);
insert into commande_detail (commande_id, det_quantite, produit_id) values (22, 4, 25);
insert into commande_detail (commande_id, det_quantite, produit_id) values (46, 3, 45);
insert into commande_detail (commande_id, det_quantite, produit_id) values (92, 4, 15);
insert into commande_detail (commande_id, det_quantite, produit_id) values (20, 1, 24);
insert into commande_detail (commande_id, det_quantite, produit_id) values (27, 3, 45);
insert into commande_detail (commande_id, det_quantite, produit_id) values (67, 2, 35);
insert into commande_detail (commande_id, det_quantite, produit_id) values (75, 2, 39);
insert into commande_detail (commande_id, det_quantite, produit_id) values (2, 1, 38);
insert into commande_detail (commande_id, det_quantite, produit_id) values (78, 2, 49);
insert into commande_detail (commande_id, det_quantite, produit_id) values (39, 5, 28);
insert into commande_detail (commande_id, det_quantite, produit_id) values (94, 5, 41);
insert into commande_detail (commande_id, det_quantite, produit_id) values (34, 1, 47);
insert into commande_detail (commande_id, det_quantite, produit_id) values (76, 1, 46);
insert into commande_detail (commande_id, det_quantite, produit_id) values (72, 1, 36);
insert into commande_detail (commande_id, det_quantite, produit_id) values (77, 4, 21);
insert into commande_detail (commande_id, det_quantite, produit_id) values (61, 4, 10);
insert into commande_detail (commande_id, det_quantite, produit_id) values (98, 3, 28);
insert into commande_detail (commande_id, det_quantite, produit_id) values (38, 4, 15);
insert into commande_detail (commande_id, det_quantite, produit_id) values (5, 4, 40);
insert into commande_detail (commande_id, det_quantite, produit_id) values (51, 1, 19);
insert into commande_detail (commande_id, det_quantite, produit_id) values (18, 5, 19);
insert into commande_detail (commande_id, det_quantite, produit_id) values (38, 3, 23);
insert into commande_detail (commande_id, det_quantite, produit_id) values (36, 5, 38);
insert into commande_detail (commande_id, det_quantite, produit_id) values (24, 4, 6);
insert into commande_detail (commande_id, det_quantite, produit_id) values (1, 3, 32);
insert into commande_detail (commande_id, det_quantite, produit_id) values (40, 4, 6);
insert into commande_detail (commande_id, det_quantite, produit_id) values (13, 4, 10);
insert into commande_detail (commande_id, det_quantite, produit_id) values (12, 2, 1);
insert into commande_detail (commande_id, det_quantite, produit_id) values (44, 4, 21);
insert into commande_detail (commande_id, det_quantite, produit_id) values (2, 3, 15);
insert into commande_detail (commande_id, det_quantite, produit_id) values (80, 1, 12);
insert into commande_detail (commande_id, det_quantite, produit_id) values (14, 4, 36);
insert into commande_detail (commande_id, det_quantite, produit_id) values (53, 2, 19);
insert into commande_detail (commande_id, det_quantite, produit_id) values (75, 5, 11);
insert into commande_detail (commande_id, det_quantite, produit_id) values (31, 2, 16);
insert into commande_detail (commande_id, det_quantite, produit_id) values (75, 4, 45);
insert into commande_detail (commande_id, det_quantite, produit_id) values (92, 3, 12);
insert into commande_detail (commande_id, det_quantite, produit_id) values (33, 3, 22);
insert into commande_detail (commande_id, det_quantite, produit_id) values (80, 4, 21);
insert into commande_detail (commande_id, det_quantite, produit_id) values (74, 5, 22);
insert into commande_detail (commande_id, det_quantite, produit_id) values (30, 3, 14);
insert into commande_detail (commande_id, det_quantite, produit_id) values (12, 3, 5);
insert into commande_detail (commande_id, det_quantite, produit_id) values (82, 3, 44);
insert into commande_detail (commande_id, det_quantite, produit_id) values (79, 1, 13);
insert into commande_detail (commande_id, det_quantite, produit_id) values (77, 3, 44);
insert into commande_detail (commande_id, det_quantite, produit_id) values (31, 5, 44);
insert into commande_detail (commande_id, det_quantite, produit_id) values (48, 4, 50);
insert into commande_detail (commande_id, det_quantite, produit_id) values (11, 5, 34);
insert into commande_detail (commande_id, det_quantite, produit_id) values (40, 5, 49);
insert into commande_detail (commande_id, det_quantite, produit_id) values (5, 3, 38);
insert into commande_detail (commande_id, det_quantite, produit_id) values (9, 3, 34);
insert into commande_detail (commande_id, det_quantite, produit_id) values (39, 2, 7);
insert into commande_detail (commande_id, det_quantite, produit_id) values (88, 3, 49);
insert into commande_detail (commande_id, det_quantite, produit_id) values (29, 5, 30);
insert into commande_detail (commande_id, det_quantite, produit_id) values (62, 4, 38);
insert into commande_detail (commande_id, det_quantite, produit_id) values (45, 2, 37);
insert into commande_detail (commande_id, det_quantite, produit_id) values (7, 3, 4);
insert into commande_detail (commande_id, det_quantite, produit_id) values (55, 1, 27);
insert into commande_detail (commande_id, det_quantite, produit_id) values (88, 1, 14);
insert into commande_detail (commande_id, det_quantite, produit_id) values (66, 3, 22);
insert into commande_detail (commande_id, det_quantite, produit_id) values (83, 2, 35);
insert into commande_detail (commande_id, det_quantite, produit_id) values (54, 1, 41);
insert into commande_detail (commande_id, det_quantite, produit_id) values (46, 5, 22);
insert into commande_detail (commande_id, det_quantite, produit_id) values (41, 5, 28);
insert into commande_detail (commande_id, det_quantite, produit_id) values (58, 2, 11);
insert into commande_detail (commande_id, det_quantite, produit_id) values (94, 4, 24);
insert into commande_detail (commande_id, det_quantite, produit_id) values (35, 2, 47);
insert into commande_detail (commande_id, det_quantite, produit_id) values (77, 5, 7);
insert into commande_detail (commande_id, det_quantite, produit_id) values (98, 3, 27);
insert into commande_detail (commande_id, det_quantite, produit_id) values (29, 3, 48);

insert into livraison_detail (livraison_id, produit_id, det_quantite_livree) values (70, 19, 584);
insert into livraison_detail (livraison_id, produit_id, det_quantite_livree) values (17, 16, 437);
insert into livraison_detail (livraison_id, produit_id, det_quantite_livree) values (54, 28, 331);
insert into livraison_detail (livraison_id, produit_id, det_quantite_livree) values (16, 6, 987);
insert into livraison_detail (livraison_id, produit_id, det_quantite_livree) values (27, 6, 686);
insert into livraison_detail (livraison_id, produit_id, det_quantite_livree) values (32, 50, 545);
insert into livraison_detail (livraison_id, produit_id, det_quantite_livree) values (9, 8, 64);
insert into livraison_detail (livraison_id, produit_id, det_quantite_livree) values (23, 39, 827);
insert into livraison_detail (livraison_id, produit_id, det_quantite_livree) values (83, 19, 731);
insert into livraison_detail (livraison_id, produit_id, det_quantite_livree) values (32, 40, 376);
insert into livraison_detail (livraison_id, produit_id, det_quantite_livree) values (19, 36, 476);
insert into livraison_detail (livraison_id, produit_id, det_quantite_livree) values (27, 48, 625);
insert into livraison_detail (livraison_id, produit_id, det_quantite_livree) values (4, 21, 447);
insert into livraison_detail (livraison_id, produit_id, det_quantite_livree) values (36, 43, 989);
insert into livraison_detail (livraison_id, produit_id, det_quantite_livree) values (21, 23, 205);
insert into livraison_detail (livraison_id, produit_id, det_quantite_livree) values (7, 50, 48);
insert into livraison_detail (livraison_id, produit_id, det_quantite_livree) values (35, 13, 41);
insert into livraison_detail (livraison_id, produit_id, det_quantite_livree) values (15, 31, 742);
insert into livraison_detail (livraison_id, produit_id, det_quantite_livree) values (90, 12, 850);
insert into livraison_detail (livraison_id, produit_id, det_quantite_livree) values (12, 25, 28);
insert into livraison_detail (livraison_id, produit_id, det_quantite_livree) values (10, 45, 286);
insert into livraison_detail (livraison_id, produit_id, det_quantite_livree) values (56, 4, 306);
insert into livraison_detail (livraison_id, produit_id, det_quantite_livree) values (2, 27, 801);
insert into livraison_detail (livraison_id, produit_id, det_quantite_livree) values (68, 22, 625);
insert into livraison_detail (livraison_id, produit_id, det_quantite_livree) values (90, 3, 137);
insert into livraison_detail (livraison_id, produit_id, det_quantite_livree) values (38, 17, 39);
insert into livraison_detail (livraison_id, produit_id, det_quantite_livree) values (50, 47, 420);
insert into livraison_detail (livraison_id, produit_id, det_quantite_livree) values (77, 2, 483);
insert into livraison_detail (livraison_id, produit_id, det_quantite_livree) values (25, 21, 272);
insert into livraison_detail (livraison_id, produit_id, det_quantite_livree) values (78, 19, 736);
insert into livraison_detail (livraison_id, produit_id, det_quantite_livree) values (47, 41, 350);
insert into livraison_detail (livraison_id, produit_id, det_quantite_livree) values (65, 14, 392);
insert into livraison_detail (livraison_id, produit_id, det_quantite_livree) values (71, 41, 511);
insert into livraison_detail (livraison_id, produit_id, det_quantite_livree) values (12, 23, 105);
insert into livraison_detail (livraison_id, produit_id, det_quantite_livree) values (76, 4, 263);
insert into livraison_detail (livraison_id, produit_id, det_quantite_livree) values (87, 36, 702);
insert into livraison_detail (livraison_id, produit_id, det_quantite_livree) values (53, 13, 1);
insert into livraison_detail (livraison_id, produit_id, det_quantite_livree) values (34, 8, 629);
insert into livraison_detail (livraison_id, produit_id, det_quantite_livree) values (36, 42, 603);
insert into livraison_detail (livraison_id, produit_id, det_quantite_livree) values (8, 36, 243);
insert into livraison_detail (livraison_id, produit_id, det_quantite_livree) values (82, 28, 567);
insert into livraison_detail (livraison_id, produit_id, det_quantite_livree) values (59, 33, 1);
insert into livraison_detail (livraison_id, produit_id, det_quantite_livree) values (65, 10, 929);
insert into livraison_detail (livraison_id, produit_id, det_quantite_livree) values (11, 30, 674);
insert into livraison_detail (livraison_id, produit_id, det_quantite_livree) values (1, 31, 125);
insert into livraison_detail (livraison_id, produit_id, det_quantite_livree) values (68, 29, 375);
insert into livraison_detail (livraison_id, produit_id, det_quantite_livree) values (68, 46, 315);
insert into livraison_detail (livraison_id, produit_id, det_quantite_livree) values (70, 30, 870);
insert into livraison_detail (livraison_id, produit_id, det_quantite_livree) values (52, 13, 246);
insert into livraison_detail (livraison_id, produit_id, det_quantite_livree) values (82, 27, 938);
insert into livraison_detail (livraison_id, produit_id, det_quantite_livree) values (28, 7, 895);
insert into livraison_detail (livraison_id, produit_id, det_quantite_livree) values (34, 13, 638);
insert into livraison_detail (livraison_id, produit_id, det_quantite_livree) values (43, 44, 923);
insert into livraison_detail (livraison_id, produit_id, det_quantite_livree) values (79, 40, 38);
insert into livraison_detail (livraison_id, produit_id, det_quantite_livree) values (55, 13, 722);
insert into livraison_detail (livraison_id, produit_id, det_quantite_livree) values (64, 23, 624);
insert into livraison_detail (livraison_id, produit_id, det_quantite_livree) values (65, 33, 636);
insert into livraison_detail (livraison_id, produit_id, det_quantite_livree) values (5, 46, 430);
insert into livraison_detail (livraison_id, produit_id, det_quantite_livree) values (36, 1, 753);
insert into livraison_detail (livraison_id, produit_id, det_quantite_livree) values (42, 33, 821);
insert into livraison_detail (livraison_id, produit_id, det_quantite_livree) values (77, 13, 470);
insert into livraison_detail (livraison_id, produit_id, det_quantite_livree) values (15, 4, 345);
insert into livraison_detail (livraison_id, produit_id, det_quantite_livree) values (6, 8, 781);
insert into livraison_detail (livraison_id, produit_id, det_quantite_livree) values (87, 7, 345);
insert into livraison_detail (livraison_id, produit_id, det_quantite_livree) values (16, 23, 46);
insert into livraison_detail (livraison_id, produit_id, det_quantite_livree) values (5, 47, 861);
insert into livraison_detail (livraison_id, produit_id, det_quantite_livree) values (54, 25, 742);
insert into livraison_detail (livraison_id, produit_id, det_quantite_livree) values (55, 7, 572);
insert into livraison_detail (livraison_id, produit_id, det_quantite_livree) values (10, 23, 386);
insert into livraison_detail (livraison_id, produit_id, det_quantite_livree) values (22, 10, 125);
insert into livraison_detail (livraison_id, produit_id, det_quantite_livree) values (17, 11, 650);
insert into livraison_detail (livraison_id, produit_id, det_quantite_livree) values (90, 47, 403);
insert into livraison_detail (livraison_id, produit_id, det_quantite_livree) values (63, 26, 304);
insert into livraison_detail (livraison_id, produit_id, det_quantite_livree) values (19, 9, 386);
insert into livraison_detail (livraison_id, produit_id, det_quantite_livree) values (65, 49, 707);
insert into livraison_detail (livraison_id, produit_id, det_quantite_livree) values (24, 10, 695);
insert into livraison_detail (livraison_id, produit_id, det_quantite_livree) values (72, 20, 4);
insert into livraison_detail (livraison_id, produit_id, det_quantite_livree) values (14, 50, 284);
insert into livraison_detail (livraison_id, produit_id, det_quantite_livree) values (76, 47, 838);
insert into livraison_detail (livraison_id, produit_id, det_quantite_livree) values (17, 29, 31);
insert into livraison_detail (livraison_id, produit_id, det_quantite_livree) values (10, 36, 651);
insert into livraison_detail (livraison_id, produit_id, det_quantite_livree) values (25, 8, 649);
insert into livraison_detail (livraison_id, produit_id, det_quantite_livree) values (62, 29, 428);
insert into livraison_detail (livraison_id, produit_id, det_quantite_livree) values (86, 9, 456);
insert into livraison_detail (livraison_id, produit_id, det_quantite_livree) values (74, 12, 379);
insert into livraison_detail (livraison_id, produit_id, det_quantite_livree) values (40, 45, 138);
insert into livraison_detail (livraison_id, produit_id, det_quantite_livree) values (78, 3, 20);
insert into livraison_detail (livraison_id, produit_id, det_quantite_livree) values (71, 18, 792);
insert into livraison_detail (livraison_id, produit_id, det_quantite_livree) values (15, 21, 876);
insert into livraison_detail (livraison_id, produit_id, det_quantite_livree) values (39, 24, 811);

